1993	8164226	3	del Arco, A	0000-0002-5432-4591	del Arco Jiménez|Alfonso	2490871_3	HISPANIC	M	delarco_a	delarco_a
1993	8238148	2	Maher, J E	0000-0002-6226-4082	Maher|James	7507040_1	ENGLISH	M	maher_je	maher_j
1993	8244390	1	Behlke, M A	0000-0002-4218-857X	Behlke|Mark	3875151_1	GERMAN-ENGLISH	M	behlke_ma	behlke_m
1993	8244390	2	Bogan, J S	0000-0001-6463-8466	Bogan|Jonathan	1439769_6	ENGLISH	M	bogan_js	bogan_j
1993	8105473	1	Bibi, E	0000-0003-3700-2707	Bibi|Eitan	2604704_1	ISRAELI	M	bibi_e	bibi_e
1993	8248051	1	Paugam, A	0000-0003-1451-3029	Paugam|André	1976977_4	FRENCH	M	paugam_a	paugam_a
1993	8435437	1	Pourfarzam, M	0000-0002-9563-8044	pourfarzam|morteza	1744086_6	ARAB	M	pourfarzam_m	pourfarzam_m
1993	8376847	1	Ramzy, R M	0000-0003-0225-2669	Ramzy|Reda	6778229_2	ARAB	M	ramzy_rm	ramzy_r
1993	7687247	2	Wray, L V	0000-0001-7424-7450	Wray|Lewis	1138201_3	ENGLISH	M	wray_lv	wray_l
1993	8486077	2	Petrov, D A	0000-0002-3664-9130	Petrov|Dmitri	1291227_2	SLAV	M	petrov_da	petrov_d
1993	8224841	1	Ayer, D E	0000-0002-5595-3269	Ayer|Donald	13224684_2	ENGLISH	M	ayer_de	ayer_d
1993	8221163	3	Narváez, J A	0000-0002-3575-6903	Narvaez|Jose A.	6750721_1	HISPANIC	M	narvaez_ja	narvaez_j
1993	8515914	3	Curtin, J P	0000-0002-9370-5119	Curtin|John	2468119_1	ENGLISH	M	curtin_jp	curtin_j
1993	7720615	1	Aro, A R	0000-0002-5499-2848	Aro|Arja R	7720612_1	NORDIC	F	aro_ar	aro_a
1993	8224888	1	Masel, A M	0000-0001-5143-2901	Masel|Andrew	8224888_1	ENGLISH	-	masel_am	masel_a
1993	8224888	4	Irwin, J A	0000-0002-0489-1045	Irwin|John	8224888_4	ENGLISH	M	irwin_ja	irwin_j
1993	8435806	1	Tinari, N	0000-0001-8449-5407	Tinari|Nicola	1389540_4	ITALIAN	M	tinari_n	tinari_n
1993	8435806	2	Natoli, C	0000-0001-7295-0230	Natoli|Clara	68422_4	ITALIAN	F	natoli_c	natoli_c
1993	8435806	3	Angelucci, D	0000-0003-2132-3362	angelucci|domenico	7182197_4	ITALIAN	M	angelucci_d	angelucci_d
1993	8423913	7	García-Pagan, J C	0000-0001-9032-4954	Garcia-Pagan|Juan Carlos	3586748_2	HISPANIC	M	garciapagan_jc	garciapagan_j
1993	8346567	2	Foschini, M P	0000-0001-7079-7260	Foschini|Maria P.	3306587_7	ITALIAN	F	foschini_mp	foschini_m
1993	8352214	1	Gottrand, F	0000-0002-5290-0436	gottrand|frederic	3800561_1	FRENCH	M	gottrand_f	gottrand_f
1993	8359098	1	Chan, J C	0000-0003-1325-1194	Chan|Juliana	3515914_3	CHINESE	F	chan_jc	chan_j
1993	8275208	1	Feskens, E J	0000-0001-5819-2488	Feskens|Edith	3225085_5	DUTCH	F	feskens_ej	feskens_e
1993	17794969	1	Graham, D W	0000-0002-7411-1905	Graham|David	17794969_1	ENGLISH	M	graham_dw	graham_d
1993	8413995	2	Kornhuber, J	0000-0002-8096-3987	Kornhuber|Johannes	6891756_1	GERMAN	M	kornhuber_j	kornhuber_j
1993	7688738	2	Howell, B W	0000-0002-0204-0773	Howell|Brian	3841805_3	ENGLISH	M	howell_bw	howell_b
1993	8389991	1	Lin, W W	0000-0002-3207-734X	Lin|Wan Wan	3158733_4	CHINESE	-	lin_ww	lin_w
1993	8101100	3	Faraone, S V	0000-0002-9217-3982	Faraone|Stephen	6655106_1	ENGLISH	M	faraone_sv	faraone_s
1993	8101100	4	Kremen, W S	0000-0002-8629-5609	Kremen|William	2487176_3	ENGLISH	M	kremen_ws	kremen_w
1993	8464792	3	Watkins, B A	0000-0002-2793-4538	Watkins|Bruce	6813835_1	ENGLISH	M	watkins_ba	watkins_b
1993	8189828	2	Martirosian, G	0000-0002-0311-0884	Martirosian|gayane	4018024_2	SLAV	F	martirosian_g	martirosian_g
1993	8468768	5	Pesenti, A	0000-0003-2593-729X	Pesenti|Antonio	912140_8	ITALIAN	M	pesenti_a	pesenti_a
1993	8401812	1	Yderstraede, K B	0000-0002-4411-3598	Yderstraede|Knud	4090040_1	NORDIC	M	yderstraede_kb	yderstraede_k
1993	8477806	4	Casanova, J L	0000-0002-7782-4169	Casanova|Jean-Laurent	2740613_2	FRENCH	M	casanova_jl	casanova_j
1993	8121869	1	Houlston, R S	0000-0002-5268-0242	Houlston|Richard	2897860_1	ENGLISH	M	houlston_rs	houlston_r
1993	8224905	6	Blackburn, M R	0000-0002-1394-9966	Blackburn|Michael	2623648_4	ENGLISH	M	blackburn_mr	blackburn_m
1993	7685591	7	Denham, J W	0000-0002-4177-9503	DENHAM|JAMES	6929953_1	ENGLISH	M	denham_jw	denham_j
1993	8414913	1	Gimenez, I	0000-0002-6043-4869	Gimenez|Ignacio	8158377_6	HISPANIC	M	gimenez_i	gimenez_i
1993	8515153	5	Sakai, T	0000-0003-2878-3775	Sakai|Tetsuro	1895608_7	JAPANESE	M	sakai_t	sakai_t
1993	8243213	4	Coates, T D	0000-0001-9878-6029	Coates|Thomas	6932253_6	ENGLISH	M	coates_td	coates_t
1993	7956096	4	Wallrath, L L	0000-0002-4391-7199	Wallrath|Lori	2118989_1	ENGLISH	F	wallrath_ll	wallrath_l
1993	10125461	1	Winkle, C R	0000-0002-7945-5731	Winkle|Curtis	10125461_1	ENGLISH	-	winkle_cr	winkle_c
1993	8122788	1	Laganà, A	0000-0003-4963-3020	Laganà|Aldo	18962610_2	ITALIAN	M	lagana_a	lagana_a
1993	8106978	1	Scahill, L	0000-0001-5073-1707	Scahill|Lawrence	2712594_2	ENGLISH	M	scahill_l	scahill_l
1993	8487683	1	Roder, D	0000-0001-6442-4409	Roder|David	5241500_1	ENGLISH	M	roder_d	roder_d
1993	8281521	8	Monaco, A P	0000-0001-7480-3197	Monaco|Anthony	13608422_1	ITALIAN-FRENCH	M	monaco_ap	monaco_a
1993	8391175	1	Lopes, J M	0000-0001-8597-3474	Lopes|José Manuel	2985889_3	HISPANIC	M	lopes_jm	lopes_j
1993	8391175	3	Sobrinho-Simoes, M	0000-0003-1613-1235	Sobrinho-Simões|Manuel	4366003_1	HISPANIC	M	sobrinhosimoes_m	sobrinhosimoes_m
1993	8484719	1	Muschietti, J P	0000-0002-5719-4833	Muschietti|Jorge	2878765_2	ITALIAN	M	muschietti_jp	muschietti_j
1993	8460113	1	Pellegrini, M	0000-0001-9355-9564	Pellegrini|Matteo	8460113_1	ITALIAN	M	pellegrini_m	pellegrini_m
1993	8300757	1	Li, C	0000-0003-1389-9820	Li|Cong-jun	2169868_3	CHINESE	-	li_c	li_c
1993	8300757	3	Wang, Y L	0000-0001-7917-0165	Wang|Yu-Li	6541223_1	CHINESE	-	wang_yl	wang_y
1993	8278538	1	Rodrigo, I	0000-0002-8994-6112	Rodrigo|Ismael	2680484_1	HISPANIC	M	rodrigo_i	rodrigo_i
1993	8278538	2	Vera, P	0000-0002-7787-7519	Vera|Pablo	16666127_1	HISPANIC	M	vera_p	vera_p
1993	8278538	3	Tornero, P	0000-0001-9755-7726	Tornero|Pablo	16668821_2	HISPANIC	M	tornero_p	tornero_p
1993	8278538	5	Conejero, V	0000-0002-3516-350X	Conejero|Vicente	560084_2	HISPANIC	M	conejero_v	conejero_v
1993	7956067	2	Pryciak, P M	0000-0001-9142-1369	Pryciak|Peter	3449847_4	SLAV-ENGLISH	M	pryciak_pm	pryciak_p
1993	8213289	1	Pérez Sola, V	0000-0002-5825-2337	Perez|Victor	8213289_1	HISPANIC	M	perezsola_v	perezsola_v
1993	8478718	2	Marshall, B J	0000-0003-4853-5015	Marshall|Barry	6145023_1	ENGLISH	M	marshall_bj	marshall_b
1993	8411105	1	Sopper, S	0000-0003-2265-1974	Sopper|Sieghart	8411105_1	GERMAN	-	sopper_s	sopper_s
1993	8363925	2	Andersen, O M	0000-0002-6462-3202	Andersen|Oyvind M.	6707125_2	NORDIC	M	andersen_om	andersen_o
1993	8491605	3	Nielsen, S P	0000-0002-3655-3294	Nielsen|Sven Poul	741151_6	NORDIC	M	nielsen_sp	nielsen_s
1993	8210840	2	Pirenne, J	0000-0002-8147-8801	PIRENNE|Jacques	2972342_1	FRENCH	M	pirenne_j	pirenne_j
1993	8219812	5	Rümenapf, T	0000-0002-2951-7471	Rümenapf|Till	2545029_1	GERMAN	M	rumenapf_t	rumenapf_t
1993	8219812	7	Conzelmann, K K	0000-0002-8614-3656	Conzelmann|Karl-Klaus	3123702_1	GERMAN	M	conzelmann_kk	conzelmann_k
1993	8440485	2	Hahn, U	0000-0002-6526-0693	Hahn|Ulrich	2411306_1	GERMAN	M	hahn_u	hahn_u
1993	8440485	3	Heinemann, U	0000-0002-8191-3850	Heinemann|Udo	6250834_1	GERMAN	M	heinemann_u	heinemann_u
1993	8497875	2	Elkhammas, E A	0000-0002-0265-1865	Elkhammas|Elmahdi	2879448_3	ARAB	-	elkhammas_ea	elkhammas_e
1993	8314560	1	Hixson, J E	0000-0002-0849-9315	Hixson|James	3857608_1	ENGLISH	M	hixson_je	hixson_j
1993	8181692	6	Tikhonova, O V	0000-0003-0229-5992	Tikhonova|Olga	3933416_1	SLAV	F	tikhonova_ov	tikhonova_o
1993	8498330	2	Davidoff, R	0000-0002-3797-5325	Davidoff|Ravin	6787000_2	ENGLISH	-	davidoff_r	davidoff_r
1993	8371150	1	Casadó, V	0000-0002-1764-3825	Casadó|Vicent	2839788_1	HISPANIC	M	casado_v	casado_v
1993	8371150	4	Franco, R	0000-0003-2549-4919	Franco|Rafael	5908583_2	HISPANIC	M	franco_r	franco_r
1993	8371150	6	Canela, E I	0000-0003-4992-7440	Canela|Enric I.	37557_1	HISPANIC	M	canela_ei	canela_e
1993	8388658	2	Starmer, C F	0000-0002-9877-1537	Starmer|C Frank	14169969_2	ENGLISH	M	starmer_cf	starmer_c
1993	8120175	4	Wolinsky, F D	0000-0002-0916-4955	Wolinsky|Fredric	1002963_1	ENGLISH	M	wolinsky_fd	wolinsky_f
1993	8384966	1	Kantoff, P	0000-0001-7275-0597	Kantoff|Philip	7271844_4	ENGLISH	M	kantoff_p	kantoff_p
1993	8344484	4	Gallie, B L	0000-0002-9697-9211	Gallie|Brenda	5121363_1	ENGLISH	F	gallie_bl	gallie_b
1993	8428681	5	Bauer, C	0000-0002-6671-2102	Bauer|Christian	8428681_5	GERMAN	-	bauer_c	bauer_c
1993	8359508	4	Wormald, M R	0000-0002-4853-2773	Wormald|Mark	3806098_3	ENGLISH	M	wormald_mr	wormald_m
1993	7680226	3	Beck, H P	0000-0001-8326-4834	Beck|Hans-Peter	68832_1	GERMAN	M	beck_hp	beck_h
1993	8373937	3	McCarley, R W	0000-0001-5705-7495	McCarley|Robert	4312290_1	ENGLISH-GERMAN	M	mccarley_rw	mccarley_r
1993	8376598	1	Sengeløv, H	0000-0002-5991-2958	Sengelov|Henrik	3799239_7	NORDIC	M	sengelov_h	sengelov_h
1993	17731856	1	Mann, S	0000-0003-3012-8964	Mann|Stephen	1636086_3	ENGLISH	M	mann_s	mann_s
1993	17731856	6	Meldrum, F C	0000-0001-9243-8517	Meldrum|Fiona	1636086_1	ENGLISH	F	meldrum_fc	meldrum_f
1993	8307602	2	Durand, D M	0000-0002-8355-6324	dURAND|Dominique	2467727_1	FRENCH	-	durand_dm	durand_d
1993	8342893	1	Cooper, D J	0000-0002-5872-9051	Cooper|D. James	3702795_2	ENGLISH	M	cooper_dj	cooper_d
1993	8215004	2	Friedman, R H	0000-0002-9440-2443	Friedman|Robert	7059069_1	ENGLISH	M	friedman_rh	friedman_r
1993	8215004	4	Kazis, L E	0000-0003-1800-5849	Kazis|Lewis	7209638_2	ENGLISH	M	kazis_le	kazis_l
1993	8484568	3	Schumacher, J P	0000-0003-3973-7248	Schumacher|Juergen	8484568_3	GERMAN	M	schumacher_jp	schumacher_j
1993	8404738	2	Chee, M	0000-0002-6087-0548	Chee|Michael	8215207_3	CHINESE	M	chee_m	chee_m
1993	8107586	2	dos Santos, W C	0000-0003-1445-2318	dos-Santos|Washington LC	8107586_2	HISPANIC	-	dossantos_wc	dossantos_w
1993	8249187	2	Gabriele, P	0000-0002-1792-2525	Gabriele|Pietro	13686720_3	ITALIAN	M	gabriele_p	gabriele_p
1993	7680995	1	Wackermann, J	0000-0001-5149-4248	Wackermann|Jiri	3501886_2	GERMAN-SLAV	M	wackermann_j	wackermann_j
1993	8448349	1	Superchi, S	0000-0002-7265-1625	Superchi|Stefano	8448349_1	ITALIAN	M	superchi_s	superchi_s
1993	7902632	1	Ponikowski, P	0000-0002-3391-7064	Ponikowski|Piotr	1774980_3	SLAV	M	ponikowski_p	ponikowski_p
1993	8387810	1	Richardson, A J	0000-0003-0906-4409	RICHARDSON|ARTHUR	3868407_1	ENGLISH	M	richardson_aj	richardson_a
1993	8093830	3	Ashikaga, T	0000-0003-2790-9436	Ashikaga|Takashi	2739090_4	JAPANESE	M	ashikaga_t	ashikaga_t
1993	8449941	2	Diaz-Arrastia, R	0000-0001-6051-3594	Diaz-Arrastia|Ramon	3917491_1	HISPANIC	M	diazarrastia_r	diazarrastia_r
1993	8482286	2	Claviez, A	0000-0002-1561-5185	Claviez|Alexander	2505324_2	GERMAN	M	claviez_a	claviez_a
1993	8444187	2	Beyaert, R	0000-0002-5704-582X	Beyaert|Rudi	2445860_2	DUTCH	M	beyaert_r	beyaert_r
1993	8400977	1	Kendrick, T	0000-0003-1618-9381	Kendrick|Tony	1901501_1	ENGLISH	M	kendrick_t	kendrick_t
1993	8164453	2	Forastiere, F	0000-0002-9162-5684	Forastiere|Francesco	6681225_4	ITALIAN	M	forastiere_f	forastiere_f
1993	9702245	4	Ruţă, S	0000-0002-2492-6073	Ruta|Simona	1288642_4	ITALIAN	F	ruta_s	ruta_s
1993	8390805	3	Malorni, W	0000-0002-1223-7000	malorni|walter	815036_1	ITALIAN-FRENCH	M	malorni_w	malorni_w
1993	8422500	2	Remmers, E F	0000-0002-9522-1249	Remmers|Elaine F	7425607_6	ENGLISH	F	remmers_ef	remmers_e
1993	8396598	2	Caramella, D	0000-0002-9951-2916	Caramella|Davide	2713500_3	ITALIAN	M	caramella_d	caramella_d
1993	8395562	2	Rossetto, O	0000-0002-6113-3857	ROSSETTO|ORNELLA	1915881_3	ITALIAN	F	rossetto_o	rossetto_o
1993	8395562	4	Schiavo, G	0000-0002-4319-8745	Schiavo|Giampietro	4062882_2	ITALIAN	M	schiavo_g	schiavo_g
1993	8399322	4	Lins, L	0000-0001-7772-6748	Lins|Laurence	1770308_5	FRENCH	M	lins_l	lins_l
1993	8229904	1	Nazareth, I	0000-0003-2146-9628	Nazareth|Irwin	2569040_1	ENGLISH	M	nazareth_i	nazareth_i
1993	10130505	8	Lynne, D	0000-0002-5692-4793	Lynne|Diane	6451852_2	ENGLISH	F	lynne_d	lynne_d
1993	8394222	3	Buchman, T G	0000-0001-7350-5921	Buchman|Timothy	198577_2	ENGLISH	M	buchman_tg	buchman_t
1993	8333736	1	Esteban, E	0000-0002-2410-9700	Esteban|Esther	8215262_2	HISPANIC	F	esteban_e	esteban_e
1993	8333736	2	Moral, P	0000-0001-5072-5892	Moral|Pedro	6873959_1	HISPANIC	M	moral_p	moral_p
1993	8290969	5	Cortelezzi, A	0000-0001-9283-4800	CORTELEZZI|AGOSTINO	19485900_3	ITALIAN	M	cortelezzi_a	cortelezzi_a
1993	8506650	2	Ledgeway, T	0000-0002-2000-2420	Ledgeway|Timothy	8506650_2	ENGLISH	M	ledgeway_t	ledgeway_t
1993	8396045	2	Lapthorn, A	0000-0002-2197-8134	Lapthorn|Adrian	16100951_2	ENGLISH	M	lapthorn_a	lapthorn_a
1993	8349417	1	Alemán, C	0000-0003-4462-6075	Aleman|Carlos	1329841_2	HISPANIC	M	aleman_c	aleman_c
1993	8349417	2	Perez, J J	0000-0002-0748-8147	Perez|Juan Jesus	2165249_1	HISPANIC	M	perez_jj	perez_j
1993	8403660	5	Bannister, G C	0000-0001-6068-2320	Bannister|Gordon	6260729_1	ENGLISH	M	bannister_gc	bannister_g
1993	7670525	1	Ponte-Sucre, A	0000-0001-8135-0763	Ponte-Sucre|Alicia	3505151_1	HISPANIC	F	pontesucre_a	pontesucre_a
1993	8371118	3	Young, J P	0000-0001-5259-4830	Young|Peter	2007551_1	ENGLISH	-	young_jp	young_j
1993	8090964	2	Bottenberg, P	0000-0001-8538-9868	Bottenberg|Peter	3296031_1	DUTCH-GERMAN	M	bottenberg_p	bottenberg_p
1993	8445275	1	Grant, J S	0000-0001-6000-4060	Grant|Joan	2270305_1	ENGLISH	F	grant_js	grant_j
1993	8258400	2	Tassignon, M J	0000-0001-8302-8006	Tassignon|Marie-José	526681_4	FRENCH	F	tassignon_mj	tassignon_m
1993	8501066	2	Gruss, A	0000-0001-7426-5229	Gruss|Alexandra	748177_1	GERMAN	F	gruss_a	gruss_a
1993	8440442	5	Ponz de Leon, M	0000-0003-4465-1043	Ponz de Leon|Maurizio	1201763_3	ITALIAN	M	ponzdeleon_m	ponzdeleon_m
1993	8502694	4	Chen, D S	0000-0001-7791-6154	CHEN|DING-SHINN	184236_1	CHINESE	-	chen_ds	chen_d
1993	8117208	1	Raidal, S R	0000-0001-7917-8976	Raidal|Shane	8117208_1	ENGLISH	M	raidal_sr	raidal_s
1993	8453837	2	Clayton, E W	0000-0002-0308-4110	Clayton|Ellen	3993069_1	ENGLISH	F	clayton_ew	clayton_e
1993	7870945	1	Weerts, E M	0000-0002-8234-0919	Weerts|Elise	17818966_2	DUTCH-FRENCH	F	weerts_em	weerts_e
1993	8340496	1	Missler, M	0000-0001-8008-984X	Missler|Markus	1297850_1	GERMAN	M	missler_m	missler_m
1993	8369974	2	Bellanti, J	0000-0002-5038-7202	Bellanti|Joseph	8369974_2	ITALIAN	-	bellanti_j	bellanti_j
1993	8370135	1	Megia, A	0000-0002-5101-9452	Megia|Ana	2082108_4	HISPANIC	F	megia_a	megia_a
1993	8348842	1	Sinha, N	0000-0002-1494-7065	Sinha|Neelima	2391001_1	INDIAN	F	sinha_n	sinha_n
1993	8403113	2	Penning, D H	0000-0001-7010-2430	Penning|Donald	7296388_3	ENGLISH	M	penning_dh	penning_d
1993	8325043	5	Pearce, N	0000-0002-9938-7852	Pearce|Neil	6952122_1	ENGLISH	M	pearce_n	pearce_n
1993	8325043	6	Beasley, R	0000-0003-0337-406X	Beasley|Richard	3917348_1	ENGLISH	M	beasley_r	beasley_r
1993	8435727	2	Byard, R W	0000-0002-0524-5942	Byard|Roger	4063883_1	ENGLISH	M	byard_rw	byard_r
1993	8441845	7	Imbeaud, S	0000-0001-8439-6732	Imbeaud|Sandrine	1824493_1	FRENCH	F	imbeaud_s	imbeaud_s
1993	8258601	1	Shiell, A	0000-0001-5914-1084	Shiell|Alan	10272247_1	ENGLISH	M	shiell_a	shiell_a
1993	7679848	2	Gloghini, A	0000-0002-7226-1942	Gloghini|Annunziata	3022656_2	ITALIAN	F	gloghini_a	gloghini_a
1993	8517679	4	Bongioanni, P	0000-0002-0767-1558	bongioanni|paolo	2130285_3	ITALIAN	M	bongioanni_p	bongioanni_p
1993	16429851	3	Basford, K E	0000-0003-0955-4504	Basford|Kaye	1064387_1	ENGLISH	F	basford_ke	basford_k
1993	8231882	2	Surani, M A	0000-0002-8640-4318	Surani|Azim	4399932_1	ENGLISH	M	surani_ma	surani_m
1993	8486370	1	Harvey, R C	0000-0002-4904-9767	Harvey|Richard	3456165_2	ENGLISH	M	harvey_rc	harvey_r
1993	8518980	1	Allison, D B	0000-0003-3566-9399	Allison|David	1778659_1	ENGLISH	M	allison_db	allison_d
1993	8385485	5	Trewhella, J	0000-0002-8555-6766	Trewhella|Jill	572679_1	ENGLISH	F	trewhella_j	trewhella_j
1993	8098695	1	Mieusset, R	0000-0001-9057-630X	Mieusset|Roger	3987927_1	FRENCH	M	mieusset_r	mieusset_r
1993	8288428	1	Hailey, D M	0000-0003-0797-9090	Hailey|David	5043428_2	ENGLISH	M	hailey_dm	hailey_d
1993	8264852	1	Gore, A C	0000-0001-5549-6793	Gore|Andrea	4070412_3	ENGLISH	F	gore_ac	gore_a
1993	8395111	3	Weller, S K	0000-0002-4519-6276	Weller|Sandra	6245246_1	GERMAN-ENGLISH	F	weller_sk	weller_s
1993	8415576	4	Thornton, J M	0000-0003-0824-4096	Thornton|Janet	240716_2	ENGLISH	F	thornton_jm	thornton_j
1993	8097940	1	Kendrick, K M	0000-0002-0371-5904	Kendrick|Keith	220709_1	ENGLISH	M	kendrick_km	kendrick_k
1993	8398678	3	Ciliberto, G	0000-0003-2851-8605	Ciliberto|Gennaro	370771_2	ITALIAN	M	ciliberto_g	ciliberto_g
1993	8460287	2	Grove, R	0000-0001-7366-0809	Grove|J. Robert	8460287_2	ENGLISH-NORDIC	-	grove_r	grove_r
1993	8428753	5	Raap, A K	0000-0003-1483-7816	Raap|Anton Klaas	7284355_2	DUTCH	M	raap_ak	raap_a
1993	8403397	5	Berglund, L	0000-0001-6705-1791	Berglund|Lars	14342073_1	NORDIC	M	berglund_l	berglund_l
1993	8125371	1	Shandala, M G	0000-0002-9517-4665	Shandala|M.G.	13577320_1	SLAV	-	shandala_mg	shandala_m
1993	8500358	2	Rotini, R	0000-0002-6926-1095	Rotini|Roberto	262858_5	ITALIAN	M	rotini_r	rotini_r
1993	8486252	1	Aminov, R I	0000-0002-5811-8322	Aminov|Rustam	3121989_1	SLAV	M	aminov_ri	aminov_r
1993	7684072	1	Lesch, K P	0000-0001-8348-153X	Lesch|Klaus-Peter	14200980_2	GERMAN	M	lesch_kp	lesch_k
1993	7921982	1	Bertolini, F	0000-0001-5660-3255	bertolini|francesco	6829183_4	ITALIAN	M	bertolini_f	bertolini_f
1993	7691976	3	Yoshimura, T	0000-0002-3853-2075	Yoshimura|Teizo	3741418_1	JAPANESE	M	yoshimura_t	yoshimura_t
1993	8489974	3	Stienstra, R	0000-0002-0523-4530	Stienstra|Rudolf	619286_1	DUTCH	M	stienstra_r	stienstra_r
1993	8451718	2	Nakasu, S	0000-0001-8719-9806	Nakasu|Satoshi	6101923_2	JAPANESE	M	nakasu_s	nakasu_s
1993	8349038	1	Ferrer, J	0000-0002-5959-5729	Ferrer|Jorge	2695699_4	HISPANIC	M	ferrer_j	ferrer_j
1993	8281401	1	Kirschner-Hermanns, R	0000-0001-6332-916X	Kirschner-Hermanns|Ruth	3056086_2	GERMAN	F	kirschnerhermanns_r	kirschnerhermanns_r
1993	8319714	2	Garibotto, G	0000-0001-6432-2429	GARIBOTTO|GIACOMO	1203118_4	ITALIAN	M	garibotto_g	garibotto_g
1993	8115449	4	Holdsworth, M	0000-0002-3954-9215	Holdsworth|Michael	3029690_1	ENGLISH	M	holdsworth_m	holdsworth_m
1993	8334385	1	Arias, F J	0000-0001-8584-3768	Arias|Francisco Javier	18597277_3	HISPANIC	M	arias_fj	arias_f
1993	8334385	3	Muñoz, R	0000-0001-9861-0349	Muñoz|Raquel	3435549_1	HISPANIC	F	munoz_r	munoz_r
1993	8334385	4	Iglesias, R	0000-0002-5021-1733	Iglesias|Rosario	18884293_1	HISPANIC	F	iglesias_r	iglesias_r
1993	8334385	6	Girbés, T	0000-0003-1452-5935	Girbes|Tomas	776668_2	HISPANIC	M	girbes_t	girbes_t
1993	17810202	3	Michael, A	0000-0002-2403-5019	Michael|Andrew	17769737_9	ENGLISH	M	michael_a	michael_a
1993	17810202	8	Castro, R	0000-0003-0463-0117	Castro|Raul Ramon	17810202_8	HISPANIC	-	castro_r	castro_r
1993	8298640	6	Devoto, M	0000-0002-4431-5114	DEVOTO|MARCELLA	3160646_1	ITALIAN	F	devoto_m	devoto_m
1993	8278033	1	Jackson, A	0000-0002-1623-0383	JACKSON|ALAN	1286426_2	ENGLISH	M	jackson_a	jackson_a
1993	7870925	3	Hemby, S E	0000-0002-6987-1133	Hemby|Scott	1388816_1	ENGLISH	M	hemby_se	hemby_s
1993	8518773	1	Burghuber, O C	0000-0002-8419-621X	burghuber|otto	868028_1	GERMAN	M	burghuber_oc	burghuber_o
1993	8332410	3	Cariati, M	0000-0002-2437-6702	Cariati|Maurizio	7106138_3	ITALIAN	M	cariati_m	cariati_m
1993	10146414	2	Nammour, S	0000-0002-5072-8521	Nammour|Samir	3470288_1	ARAB-FRENCH	M	nammour_s	nammour_s
1993	8099277	1	White, N M	0000-0002-4616-5252	White|Norman	4708493_1	ENGLISH	M	white_nm	white_n
1993	8462177	2	Ailhaud, G	0000-0003-0596-2906	Ailhaud|Gérard	13816167_3	FRENCH	M	ailhaud_g	ailhaud_g
1993	8216829	1	Volpe, D A	0000-0002-8286-9679	Volpe|Donna	2768844_2	ITALIAN	F	volpe_da	volpe_d
1993	8410987	8	Hitchcock, M J	0000-0002-0631-3767	Hitchcock|Michael	5924849_1	ENGLISH	M	hitchcock_mj	hitchcock_m
1993	8444787	7	Messner, P	0000-0002-3246-5801	Messner|Paul	359575_2	GERMAN-FRENCH	M	messner_p	messner_p
1993	8495195	4	Harrison, R A	0000-0002-2408-6043	Harrison|Richard	118108_1	ENGLISH	M	harrison_ra	harrison_r
1993	8260794	1	Bebianno, M J	0000-0003-1492-8566	Bebianno|Maria	8260794_1	HISPANIC	F	bebianno_mj	bebianno_m
1993	8214849	4	Hoffman, R S	0000-0002-0091-9573	Hoffman|Robert	5238731_3	ENGLISH	M	hoffman_rs	hoffman_r
1993	7934943	1	Imperial, J	0000-0002-5002-6458	imperial|Juan	6411793_1	HISPANIC	M	imperial_j	imperial_j
1993	7934943	2	Rey, L	0000-0003-3477-6942	Rey|Luis	1469733_1	HISPANIC	M	rey_l	rey_l
1993	7934943	4	Ruiz-Argüeso, T	0000-0001-9118-3065	Ruiz-Argueso|TOMAS-ANDRES	4579122_1	HISPANIC	M	ruizargueso_t	ruizargueso_t
1993	8404954	4	Launes, J	0000-0002-3477-398X	Launes|Jyrki	2877363_2	NORDIC	M	launes_j	launes_j
1993	8439269	2	Schima, H	0000-0002-8003-7617	Schima|Heinrich	3870563_1	GERMAN	M	schima_h	schima_h
1993	8357792	3	Krengel, U	0000-0001-6688-8151	Krengel|Ute	6195300_3	GERMAN	F	krengel_u	krengel_u
1993	8357792	10	Pai, E F	0000-0002-1162-7242	Pai|Emil	183954_5	UNKNOWN	M	pai_ef	pai_e
1993	8358433	2	Guan, X Y	0000-0002-4485-6017	Guan|Xin-Yuan	1301994_2	CHINESE	M	guan_xy	guan_x
1993	7693996	8	Debatin, K M	0000-0002-8397-1886	Debatin|Klaus-Michael	6803539_1	GERMAN	M	debatin_km	debatin_k
1993	8452607	2	Fitzgerald, G J	0000-0002-5586-0097	Fitzgerald|Gerard	3801110_1	ENGLISH	M	fitzgerald_gj	fitzgerald_g
1993	8340465	1	Yu, H Y	0000-0003-1083-3535	YU|HSIU-YING	8340465_1	CHINESE	-	yu_hy	yu_h
1993	7685512	1	Russell, S R	0000-0003-3776-1367	Russell|Stephen	2425325_2	ENGLISH	M	russell_sr	russell_s
1993	8514883	3	Rodriguez, M	0000-0002-9380-6614	Rodriguez|Mariano	8320924_5	HISPANIC	M	rodriguez_m	rodriguez_m
1993	8340400	6	Redmond, T M	0000-0002-1813-5291	Redmond|T. Michael	6373333_1	ENGLISH	M	redmond_tm	redmond_t
1993	8329576	3	Steffan, A	0000-0002-6320-3054	Steffan|Agostino	2133255_3	ITALIAN	M	steffan_a	steffan_a
1993	8460062	3	Sly, P D	0000-0001-6305-2201	Sly|Peter	7225000_1	ENGLISH	M	sly_pd	sly_p
1993	8456883	1	Timor-Tritsch, I E	0000-0001-9774-3107	Timor-Tritsch|Ilan	5472787_1	ISRAELI	M	timortritsch_ie	timortritsch_i
1993	8456883	5	Sharma, S	0000-0002-3273-0708	Sharma|Sanjeev Kumar	8456883_5	INDIAN	F	sharma_s	sharma_s
1993	8204950	1	Theillet, C	0000-0001-5555-2759	Theillet|Charles	2996003_3	FRENCH	M	theillet_c	theillet_c
1993	8436230	1	Torres, J	0000-0002-1282-9727	Torres|Jaume	3148646_2	HISPANIC	M	torres_j	torres_j
1993	8461378	2	Alos, J I	0000-0003-0444-0276	Alós|Juan-Ignacio	6513650_3	HISPANIC	M	alos_ji	alos_j
1993	8461378	4	Cogollos, R	0000-0001-9748-5427	Cogollos|Rosario	1391006_4	HISPANIC	-	cogollos_r	cogollos_r
1993	8263413	2	Griffiths, W J	0000-0002-4129-6616	griffiths|william	1841653_1	ENGLISH	M	griffiths_wj	griffiths_w
1993	7548114	1	Gjøen, T	0000-0003-4040-5793	Gjøen|Tor	3781090_6	NORDIC	M	gjoen_t	gjoen_t
1993	7900934	1	Conigrave, K M	0000-0002-6428-1441	Conigrave|Katherine	2224674_2	ENGLISH	F	conigrave_km	conigrave_k
1993	8402915	1	Davies, L	0000-0003-2066-7008	Davies|Lynne	8402915_1	ENGLISH	F	davies_l	davies_l
1993	8378806	1	Fergusson, D M	0000-0002-8117-017X	Fergusson|David	329949_4	ENGLISH	M	fergusson_dm	fergusson_d
1993	7960578	2	Blottière, H M	0000-0002-8390-0607	BLOTTIERE|Hervé	3527945_4	FRENCH	M	blottiere_hm	blottiere_h
1993	8451310	3	Anderson, G H	0000-0001-9613-6225	Anderson|G. Harvey	5151111_1	ENGLISH	M	anderson_gh	anderson_g
1993	8223860	1	Fung-Leung, W P	0000-0001-7013-8855	Fung-Leung|Wai-Ping	1673361_1	CHINESE	-	fungleung_wp	fungleung_w
1993	7680672	1	Cid, M C	0000-0002-4730-0938	Cid Xutgla|Maria Cinta	6471960_3	HISPANIC	F	cid_mc	cid_m
1993	8406456	2	Byers, P H	0000-0001-7786-7030	Byers|Peter H.	4508318_2	ENGLISH	M	byers_ph	byers_p
1993	8233365	1	Atchison, D A	0000-0002-3099-6545	Atchison|David	495689_1	ENGLISH	M	atchison_da	atchison_d
1993	8231664	3	Mason, R P	0000-0001-7517-3721	Mason|Ralph	2607898_1	ENGLISH	M	mason_rp	mason_r
1993	8444181	3	Verpoorte, R	0000-0001-6180-1424	Verpoorte|Robert	4400069_2	DUTCH	M	verpoorte_r	verpoorte_r
1993	8245361	3	Trivella, M G	0000-0001-8702-2859	Trivella|Maria Giovanna	456784_5	ITALIAN	F	trivella_mg	trivella_m
1993	8308913	5	Krabbe, P	0000-0001-6042-1243	Krabbe|Paul	8308913_5	DUTCH	M	krabbe_p	krabbe_p
1993	8344941	4	Roche, E	0000-0001-5128-1672	Roche|Enrique	8103051_2	HISPANIC	M	roche_e	roche_e
1993	8473146	5	Clancy, L	0000-0003-2407-2263	Clancy|Luke	6500894_2	ENGLISH	M	clancy_l	clancy_l
1993	8510502	7	Smalheiser, N R	0000-0003-1079-3406	Smalheiser|Neil	207390_1	ENGLISH	M	smalheiser_nr	smalheiser_n
1993	8346551	1	Pines, J	0000-0002-5227-6004	Pines|Jonathon	15669148_3	ISRAELI-ENGLISH	M	pines_j	pines_j
1993	8250953	2	Honkakoski, P	0000-0002-4332-3577	Honkakoski|Paavo	3026336_1	NORDIC	M	honkakoski_p	honkakoski_p
1993	8266542	1	Piazza, A	0000-0002-9250-9183	PIAZZA|ANTONINA	4945338_1	ITALIAN	F	piazza_a	piazza_a
1993	8266542	4	Poggi, E	0000-0002-0177-4097	POGGI|ELVIRA	1871869_4	ITALIAN	F	poggi_e	poggi_e
1993	8483922	1	Savino, R	0000-0002-4046-1472	Savino|Rocco	6832466_3	ITALIAN	M	savino_r	savino_r
1993	8483922	6	Ciliberto, G	0000-0003-2851-8605	Ciliberto|Gennaro	370771_2	ITALIAN	M	ciliberto_g	ciliberto_g
1993	10779282	4	Herbison, G P	0000-0002-5684-024X	Herbison|Graham Peter	7435428_4	ENGLISH	M	herbison_gp	herbison_g
1993	8511282	2	Seo, J W	0000-0003-0242-1805	Seo|Jeong-Wook	8511282_2	KOREAN	-	seo_jw	seo_j
1993	8453236	1	Annas, G J	0000-0001-5836-7831	Annas|George	11662033_1	ENGLISH-GREEK	M	annas_gj	annas_g
1993	8333152	5	Sobrinho-Simões, M	0000-0003-1613-1235	Sobrinho-Simões|Manuel	4366003_1	HISPANIC	M	sobrinhosimoes_m	sobrinhosimoes_m
1993	8099444	4	Dever, T E	0000-0001-7120-9678	Dever|Thomas	2950099_2	ENGLISH	M	dever_te	dever_t
1993	8445384	2	Dupin, E	0000-0003-0287-0256	Dupin|Elisabeth	6130854_2	FRENCH	F	dupin_e	dupin_e
1993	8217088	5	Miller, J P	0000-0003-4568-6846	Miller|J Philip	3337672_2	ENGLISH	M	miller_jp	miller_j
1993	8369353	1	Hutchison, A J	0000-0003-3268-8324	Hutchison|Alastair	1680434_1	ENGLISH	M	hutchison_aj	hutchison_a
1993	8393440	3	Davies, K J	0000-0001-7790-3003	Davies|Kelvin	1067049_3	ENGLISH	M	davies_kj	davies_k
1993	8314990	4	Verdier, M	0000-0002-8162-4856	VERDIER|Mireille	2838498_9	FRENCH	F	verdier_m	verdier_m
1993	8411355	2	Mori, K	0000-0002-1841-6376	Mori|Kazuyasu	2231693_2	JAPANESE	M	mori_k	mori_k
1993	8454059	3	Ciccoli, L	0000-0002-0120-3980	Ciccoli|Lucia	5621929_4	ITALIAN	F	ciccoli_l	ciccoli_l
1993	8228388	6	García, N	0000-0002-7804-7234	Garcia|Nicolas	1994932_3	HISPANIC-FRENCH	M	garcia_n	garcia_n
1993	8290432	3	Johnston, A	0000-0001-5787-2270	Johnston|Atholl	67368_3	ENGLISH	-	johnston_a	johnston_a
1993	7506191	1	Ottonello, L	0000-0001-7431-3841	Ottonello|Luciano Carlo	2848084_4	ITALIAN	M	ottonello_l	ottonello_l
1993	7506191	7	Dallegri, F	0000-0001-9537-4547	DALLEGRI|FRANCO	1203134_2	ITALIAN	M	dallegri_f	dallegri_f
1993	8275049	2	Hoffman, M D	0000-0001-8819-5989	Hoffman|Martin	4043045_1	ENGLISH-GERMAN	M	hoffman_md	hoffman_m
1993	8514065	1	Ciacci, C	0000-0002-7426-1145	ciacci|carolina	6432527_3	ITALIAN	F	ciacci_c	ciacci_c
1993	8503386	1	Cappell, M S	0000-0003-3445-5428	Cappell|Mitchell	3487267_1	ENGLISH	M	cappell_ms	cappell_m
1993	8456866	1	Vabres, P	0000-0001-8693-3183	Vabres|Pierre	1759748_3	FRENCH	M	vabres_p	vabres_p
1993	8444845	3	Jullien, C D	0000-0002-4307-8129	Diaz-Jullien|Cristina	1426245_3	FRENCH	-	jullien_cd	jullien_c
1993	8181305	3	Stepień, H	0000-0003-2402-7235	Stepien|Henryk	4153599_2	SLAV	M	stepien_h	stepien_h
1993	8252482	1	Lai, C H	0000-0002-9977-9645	Lai|Chyong-Huey	2458174_1	CHINESE	M	lai_ch	lai_c
1993	8392478	2	Rangarajan, P N	0000-0002-6536-9891	Rangarajan|Pundi	3579906_1	INDIAN	M	rangarajan_pn	rangarajan_p
1993	8392478	4	Evans, R M	0000-0002-9986-5965	Evans|Ronald	922890_1	ENGLISH	M	evans_rm	evans_r
1993	8506179	1	Varon, J	0000-0002-7622-9974	Varon|Joseph	6638834_3	ISRAELI	M	varon_j	varon_j
1993	8299258	2	Steiner, G	0000-0002-5089-7405	Steiner|Guenter	6604111_4	GERMAN	M	steiner_g	steiner_g
1993	7682090	2	Picci, P	0000-0002-8519-4101	Picci|Piero	390799_3	ITALIAN	M	picci_p	picci_p
1993	8109398	1	Iturriaga, R	0000-0001-5387-9897	Iturriaga|Rodrigo	4924656_1	HISPANIC	M	iturriaga_r	iturriaga_r
1993	8472122	1	Jackson, A	0000-0002-1623-0383	JACKSON|ALAN	7719676_1	ENGLISH	M	jackson_a	jackson_a
1993	8460400	1	Maki, R G	0000-0002-9853-2528	Maki|Robert G.	2835083_3	NORDIC-JAPANESE	M	maki_rg	maki_r
1993	8173338	2	Oscarson, S	0000-0002-8273-4918	Oscarson|Stefan	2876771_2	NORDIC	M	oscarson_s	oscarson_s
1993	8265182	2	Ferini-Strambi, L	0000-0003-2867-5424	FERINI STRAMBI|Luigi	7113779_4	ITALIAN	M	ferinistrambi_l	ferinistrambi_l
1993	8265182	3	Palazzi, S	0000-0002-0658-8680	Palazzi|Stefano	18100098_1	ITALIAN	F	palazzi_s	palazzi_s
1993	8298047	3	Pilar Lillo, M	0000-0001-8582-4591	Lillo|M. Pilar	8298047_3	HISPANIC	F	pilarlillo_m	pilarlillo_m
1993	8486161	1	Harding, M M	0000-0003-1072-3870	Harding|Margaret	5917731_1	ENGLISH	F	harding_mm	harding_m
1993	8329939	2	Jenssen, B M	0000-0002-7042-2191	Jenssen|Bjorn Munro	4027414_1	NORDIC	M	jenssen_bm	jenssen_b
1993	8495546	4	Heagerty, A	0000-0002-9043-2119	Heagerty|Anthony	6109849_2	ENGLISH	M	heagerty_a	heagerty_a
1993	8272586	3	Porszasz, J	0000-0002-5823-0031	Porszasz|Janos	14782998_2	HUNGARIAN	M	porszasz_j	porszasz_j
1993	8227465	5	Johnston, A	0000-0001-5787-2270	Johnston|Atholl	8227465_5	ENGLISH	-	johnston_a	johnston_a
1993	8228967	2	Fritzsch, B	0000-0002-4882-8398	Fritzsch|Bernd	525827_1	GERMAN	M	fritzsch_b	fritzsch_b
1993	8366142	1	Krachmarov, C P	0000-0003-1100-5096	Krachmarov|Chavdar	3086329_1	SLAV	M	krachmarov_cp	krachmarov_c
1993	8248467	1	Petrou, S	0000-0003-3121-6050	Petrou|Stavros	1737169_3	GREEK	M	petrou_s	petrou_s
1993	8332255	1	Schiffmann, S N	0000-0002-0118-9816	Schiffmann|Serge	3875305_7	FRENCH-GERMAN	M	schiffmann_sn	schiffmann_s
1993	8346509	3	Vellema, P	0000-0001-9381-9063	Vellema|Piet	4071525_5	DUTCH	M	vellema_p	vellema_p
1993	8438144	3	Marchettini, N	0000-0002-2631-9306	MARCHETTINI|Nadia	17007781_3	ITALIAN	F	marchettini_n	marchettini_n
1993	8438144	4	Rossi, C	0000-0001-6032-1015	ROSSI|CLAUDIO	3663848_1	ITALIAN	M	rossi_c	rossi_c
1993	7909566	5	Heeney, J L	0000-0003-2702-1621	Heeney|Jonathan	6880011_1	ENGLISH	M	heeney_jl	heeney_j
1993	8037993	1	Wieshammer, S	0000-0002-0681-5222	Wieshammer|Siegfried	386564_1	GERMAN	M	wieshammer_s	wieshammer_s
1993	8496591	4	Carding, S R	0000-0002-2383-9701	Carding|Simon	6743265_1	ENGLISH	M	carding_sr	carding_s
1993	7686108	3	Everitt, B J	0000-0003-4431-6536	Everitt|Barry	14296937_4	ENGLISH	M	everitt_bj	everitt_b
1993	8485401	1	Giuliano, G	0000-0002-2486-0510	Giuliano|Giovanni	3020015_1	ITALIAN	M	giuliano_g	giuliano_g
1993	8345063	2	Chanoine, J P	0000-0002-5167-2064	Chanoine|Jean-Pierre	4009258_2	FRENCH	M	chanoine_jp	chanoine_j
1993	8365435	1	Bologna, M	0000-0002-6306-6897	BOLOGNA|Mauro	4425582_4	ITALIAN	M	bologna_m	bologna_m
1993	8365435	2	Vicentini, C	0000-0003-0776-0312	VICENTINI|Carlo	606264_6	ITALIAN	M	vicentini_c	vicentini_c
1993	8365435	7	Biordi, L	0000-0003-4508-9101	BIORDI|Assunta Leda	16867398_2	ITALIAN-HISPANIC	F	biordi_l	biordi_l
1993	8266545	2	Pisani, F	0000-0002-3060-8020	PISANI|Francesco	13333871_3	ITALIAN	M	pisani_f	pisani_f
1993	8359653	3	Moore, J H	0000-0002-5015-1099	Moore|Jason	8098013_2	ENGLISH	M	moore_jh	moore_j
1993	8423961	2	Roumen, F J	0000-0003-2319-4808	Roumen|Frans JME	6807721_1	DUTCH	M	roumen_fj	roumen_f
1993	8097069	3	Waltenberger, J	0000-0002-2417-9880	Waltenberger|Johannes	1426279_1	GERMAN	M	waltenberger_j	waltenberger_j
1993	8136894	3	Arvat, E	0000-0001-5689-4400	ARVAT|Emanuela	2499148_4	ITALIAN	F	arvat_e	arvat_e
1993	8258251	1	Gomes, J A	0000-0001-7329-9531	Gomes|Jose Alvaro Pereira	8258251_1	HISPANIC	M	gomes_ja	gomes_j
1993	8223980	2	Della Casa, S	0000-0002-1245-753X	della casa|silvia	6117712_4	ITALIAN	M	dellacasa_s	dellacasa_s
1993	7942301	2	Mukaida, N	0000-0002-4193-1851	Mukaida|Naofumi	7328786_3	JAPANESE	M	mukaida_n	mukaida_n
1993	8349011	2	Solaini, G	0000-0001-7825-0446	SOLAINI|GIANCARLO	949431_4	ITALIAN	M	solaini_g	solaini_g
1993	8413835	3	Maggi, A	0000-0001-5700-5273	Maggi|Adriana	874507_2	ITALIAN	F	maggi_a	maggi_a
1993	8445644	8	Davies, G	0000-0002-7343-776X	Davies|Gideon	1469728_1	ENGLISH	-	davies_g	davies_g
1993	8259490	1	Schuhmacher, M	0000-0003-4381-2490	Schuhmacher|Marta	2344485_1	HISPANIC-GERMAN	F	schuhmacher_m	schuhmacher_m
1993	8259490	2	Domingo, J L	0000-0001-6647-9470	Domingo|Jose L	13918081_3	HISPANIC	M	domingo_jl	domingo_j
1993	8436390	4	Gonzales, G F	0000-0003-1611-2894	Gonzales|Gustavo	7412493_1	HISPANIC	M	gonzales_gf	gonzales_g
1993	8217110	8	Bengmark, S	0000-0003-1809-8889	Bengmark|Stig	13137148_1	NORDIC	M	bengmark_s	bengmark_s
1993	8376593	2	Wolffenbuttel, B H	0000-0001-9262-6921	Wolffenbuttel|Bruce H.R.	7333297_1	DUTCH	M	wolffenbuttel_bh	wolffenbuttel_b
1993	7683514	2	Baxter, R C	0000-0001-5061-2142	Baxter|Robert	15445737_3	ENGLISH	M	baxter_rc	baxter_r
1993	8255297	3	Oppenheim, J D	0000-0002-6920-5624	Oppenheim|Joel	5667288_1	ISRAELI-ENGLISH	M	oppenheim_jd	oppenheim_j
1993	8255297	4	D'Eustachio, P	0000-0002-5494-626X	D'Eustachio|Peter	4631827_2	ENGLISH	M	deustachio_p	deustachio_p
1993	8143894	1	Risbridger, G P	0000-0003-3089-4028	Risbridger|Gail	6113013_1	ENGLISH	F	risbridger_gp	risbridger_g
1993	8233799	1	Morgan, R	0000-0002-8721-4479	Morgan|Richard	8233799_1	ENGLISH	M	morgan_r	morgan_r
1993	8167728	2	Segal, A	0000-0001-7602-9043	Segal|Anthony	8167728_2	ISRAELI	-	segal_a	segal_a
1993	8446035	4	Buttner, M J	0000-0002-3505-2981	Buttner|Mark	4046037_1	GERMAN	M	buttner_mj	buttner_m
1993	8375101	1	Hayden, M R	0000-0001-5159-1419	Hayden|Michael	146919_1	ENGLISH	M	hayden_mr	hayden_m
1993	8389302	1	Giorgi, M	0000-0002-2923-4893	GIORGI|Mauro	2581305_8	ITALIAN	M	giorgi_m	giorgi_m
1993	8400707	3	Bünger, L	0000-0003-4457-8288	Bunger|Lutz	6891889_1	GERMAN	M	bunger_l	bunger_l
1993	8400707	4	Epplen, J T	0000-0002-6087-3327	Epplen|Joerg T.	1240862_1	GERMAN	M	epplen_jt	epplen_j
1993	8486272	2	Puzyrev, V P	0000-0002-2113-4556	Puzyrev|Valery	178945_2	SLAV	M	puzyrev_vp	puzyrev_v
1993	8389949	2	Carles, J	0000-0002-9983-5934	Carles|Joan	2623255_1	HISPANIC	M	carles_j	carles_j
1993	8249950	7	Jabs, E W	0000-0001-8983-5466	Jabs|Ethylin	6211984_1	CHINESE-TURKISH	-	jabs_ew	jabs_e
1993	8406357	8	Cormier, V	0000-0002-2839-9856	cormier-daire|valerie	2213388_1	FRENCH	F	cormier_v	cormier_v
1993	8244085	5	Fryer, A A	0000-0001-8678-0404	Fryer|Anthony	3756211_1	ENGLISH	M	fryer_aa	fryer_a
1993	8276990	2	Martinez, A	0000-0003-0831-9916	Martínez|Albert	8232900_4	HISPANIC	M	martinez_a	martinez_a
1993	8344304	4	Rietjens, I M	0000-0003-1894-3544	Rietjens|Ivonne	4012795_1	DUTCH	F	rietjens_im	rietjens_i
1993	8395238	1	Claesson, H E	0000-0002-1960-6542	Claesson|Hans-Erik	192547_1	NORDIC	M	claesson_he	claesson_h
1993	8410218	3	Martin, N A	0000-0002-6565-4131	Martin|Neil	6269017_1	ENGLISH	M	martin_na	martin_n
1993	8312681	4	Hoermann, R	0000-0002-1326-4270	Hoermann|Rudolf	2871685_1	GERMAN	M	hoermann_r	hoermann_r
1993	8483692	1	Norman, J F	0000-0001-5877-1914	Norman|J. Farley	1771135_2	ENGLISH	M	norman_jf	norman_j
1993	8269929	3	Buchman, T G	0000-0001-7350-5921	Buchman|Timothy	198577_2	ENGLISH	M	buchman_tg	buchman_t
1993	8393378	1	Buettner, G R	0000-0002-5594-1903	Buettner|Garry	189818_1	ENGLISH	M	buettner_gr	buettner_g
1993	8111120	2	Fries, R	0000-0002-4657-1787	Fries|Ruedi	6948895_3	GERMAN	M	fries_r	fries_r
1993	8111120	5	Barendse, W	0000-0002-5464-0658	Barendse|William	2567262_2	ENGLISH	M	barendse_w	barendse_w
1993	8234573	3	Treasure, J	0000-0003-0871-4596	Treasure|Janet	6345361_1	ENGLISH	F	treasure_j	treasure_j
1993	8486510	1	Mauskop, A	0000-0002-2861-5184	Mauskop|Alexander	6240499_1	ENGLISH-SLAV	M	mauskop_a	mauskop_a
1993	8256587	2	Munoz, D G	0000-0003-0957-6244	Munoz|David	2821875_1	HISPANIC	M	munoz_dg	munoz_d
1993	8340403	4	Jabs, E W	0000-0001-8983-5466	Jabs|Ethylin	6211984_1	CHINESE-TURKISH	-	jabs_ew	jabs_e
1993	8489911	1	Murray, M	0000-0002-1715-5629	Murray|Michael	8353004_1	ENGLISH	M	murray_m	murray_m
1993	7764025	2	Weber, H	0000-0003-3831-3267	Weber|Hans	7764025_2	GERMAN	M	weber_h	weber_h
1993	8507599	2	Boogaard, P J	0000-0002-6964-6681	Boogaard|Peter J.	3827591_3	DUTCH	M	boogaard_pj	boogaard_p
1993	7507621	1	Puelles, L	0000-0002-9541-7073	PUELLES|LUIS	67960_2	HISPANIC	M	puelles_l	puelles_l
1993	8407903	7	Spiess, M	0000-0001-7139-0550	Spiess|Martin	6798649_4	GERMAN	M	spiess_m	spiess_m
1993	8465241	1	Turrina, C	0000-0003-1454-9945	TURRINA|Cesare	2186254_1	ITALIAN	M	turrina_c	turrina_c
1993	8081940	4	Partanen, J	0000-0001-6681-4734	Partanen|Jukka	3460220_1	NORDIC	M	partanen_j	partanen_j
1993	8518336	1	García Rubira, J C	0000-0002-0407-1127	Garcia-Rubira|Juan C	2602611_2	HISPANIC	M	garciarubira_jc	garciarubira_j
1993	8221046	2	Fugleholm, K	0000-0002-1520-7122	Fugleholm|Kåre	3173412_2	NORDIC	M	fugleholm_k	fugleholm_k
1993	8221046	7	Krarup, C	0000-0002-4903-9681	Krarup|Christian	196048_1	NORDIC	M	krarup_c	krarup_c
1993	7688070	1	Nuttle, L C	0000-0003-0073-0743	Nuttle|Louise	2337195_2	ENGLISH	-	nuttle_lc	nuttle_l
1993	7688070	3	Dubyak, G R	0000-0001-9720-4226	Dubyak|George	4156434_2	ENGLISH	M	dubyak_gr	dubyak_g
1993	8139458	2	Hornak, J P	0000-0003-1016-9849	Hornak|Joseph	10305043_1	SLAV	M	hornak_jp	hornak_j
1993	8263917	2	Baker, P J	0000-0003-1995-5643	Baker|Patrick	3586023_1	ENGLISH	M	baker_pj	baker_p
1993	8285642	1	McWhinney, P H	0000-0001-6232-2265	McWhinney|Paul	2143722_1	ENGLISH	M	mcwhinney_ph	mcwhinney_p
1993	8228993	2	Rylett, R J	0000-0002-9158-9599	Rylett|Rebecca Jane	6661641_1	ENGLISH	F	rylett_rj	rylett_r
1993	8478171	3	Cantley, L	0000-0002-1298-7653	Cantley|Lewis	212422_2	ENGLISH	M	cantley_l	cantley_l
1993	8310643	3	Parkhouse, R M	0000-0001-5967-3291	Parkhouse|Michael	13850090_7	ENGLISH	M	parkhouse_rm	parkhouse_r
1993	8474438	4	Swanson, M S	0000-0001-6245-5367	Swanson|Maurice	6317460_3	ENGLISH	M	swanson_ms	swanson_m
1993	8117380	2	Pallavicini, M	0000-0003-3344-484X	Pallavicini|Marco	3749244_3	ITALIAN	M	pallavicini_m	pallavicini_m
1993	8117380	4	Valoti, E	0000-0002-5608-3875	Valoti|Ermanno	3749244_6	ITALIAN	M	valoti_e	valoti_e
1993	8109285	2	Franzini, A	0000-0001-7357-2358	franzini|angelo	742430_3	ITALIAN	M	franzini_a	franzini_a
1993	8109285	4	Servello, D	0000-0002-0123-1615	Servello|Domenico	3895829_4	ITALIAN	M	servello_d	servello_d
1993	8256627	1	Watanabe, T	0000-0003-3326-4144	Watanabe|Toru	1285506_1	JAPANESE	M	watanabe_t	watanabe_t
1993	8421908	1	Burmeister, W P	0000-0003-0876-6118	Burmeister|Wim	1984652_1	GERMAN	M	burmeister_wp	burmeister_w
1993	8421908	3	Cusack, S	0000-0002-9324-0796	Cusack|Stephen	529291_1	ENGLISH	M	cusack_s	cusack_s
1993	8361497	1	Senchenko, V N	0000-0002-3119-515X	Senchenko|Vera	547181_1	SLAV	F	senchenko_vn	senchenko_v
1993	8329566	1	Ibbotson, S H	0000-0001-5685-752X	Ibbotson|Sally	3676641_1	ENGLISH	F	ibbotson_sh	ibbotson_s
1993	7693500	1	Sánchez-Margalet, V	0000-0001-8638-8680	Sánchez-Margalet|Victor	1334006_1	HISPANIC	M	sanchezmargalet_v	sanchezmargalet_v
1993	7693500	4	Goberna, R	0000-0003-1206-5058	Goberna Ortíz|Raimundo	5738379_3	HISPANIC	M	goberna_r	goberna_r
1993	8111370	1	Palau, F	0000-0002-8635-5421	Palau|Francesc	2931010_6	HISPANIC	M	palau_f	palau_f
1993	8111370	8	Vilchez, J	0000-0002-0532-2872	Vilchez|Juan J	715282_1	HISPANIC	M	vilchez_j	vilchez_j
1993	8430521	1	Fazakerley, J K	0000-0001-7071-105X	Fazakerley|John	6781488_2	ENGLISH	M	fazakerley_jk	fazakerley_j
1993	8357206	2	Howard, J F	0000-0002-7136-8617	Howard|James	218146_2	ENGLISH	M	howard_jf	howard_j
1993	8509915	2	Verkruysse, W	0000-0002-1381-2740	verkruysse|wim	1479477_2	DUTCH	M	verkruysse_w	verkruysse_w
1993	8305706	4	Bronner-Fraser, M	0000-0003-4274-1862	Bronner|Marianne	7004784_1	FRENCH	F	bronnerfraser_m	bronnerfraser_m
1993	7690980	1	Sarobe, P	0000-0003-0503-7905	Sarobe|Pablo	1700756_3	HISPANIC	M	sarobe_p	sarobe_p
1993	7690980	2	Lasarte, J J	0000-0003-1641-3881	Lasarte|Juan J	3252411_2	HISPANIC	M	lasarte_jj	lasarte_j
1993	11652330	2	Kerbs, John J	0000-0002-8145-0120	Kerbs|John	11652330_2	FRENCH-GERMAN	M	kerbs_jj	kerbs_j
1993	8216944	5	Rupprecht, A	0000-0002-2772-1620	Rupprecht|Allan	13147129_1	GERMAN-ENGLISH	M	rupprecht_a	rupprecht_a
1993	8342685	2	Medeiros, I A	0000-0001-8783-4806	Medeiros|Isac	1833988_4	HISPANIC	-	medeiros_ia	medeiros_i
1993	8305212	2	Rubinsky, B	0000-0002-2794-1543	Rubinsky|Boris	487852_1	ISRAELI-SLAV	M	rubinsky_b	rubinsky_b
1993	8500010	1	Buchrieser, C	0000-0003-3477-9190	Buchrieser|Carmen	3680939_1	GERMAN-FRENCH	F	buchrieser_c	buchrieser_c
1993	8500010	2	Brosch, R	0000-0003-2587-3863	Brosch|Roland	2868613_4	GERMAN	M	brosch_r	brosch_r
1993	8391148	1	Fleshner, M	0000-0002-0470-0827	Fleshner|Monika	3148338_2	ENGLISH	F	fleshner_m	fleshner_m
1993	8391148	7	Laudenslager, M L	0000-0002-9815-3026	Laudenslager|Mark	1093040_2	ENGLISH-GERMAN	M	laudenslager_ml	laudenslager_m
1993	8465663	1	Maes, M	0000-0002-2012-871X	Maes|Michael	6219470_2	FRENCH-DUTCH	M	maes_m	maes_m
1993	8341187	1	Parker, G B	0000-0003-3424-5519	Parker|Gordon	4473693_1	ENGLISH	M	parker_gb	parker_g
1993	8132420	2	Pietroiusti, A	0000-0002-4056-1801	PIETROIUSTI|Antonio	3697942_1	ITALIAN	M	pietroiusti_a	pietroiusti_a
1993	8143652	1	Anderson, D	0000-0001-9673-0398	Anderson|Diana	2881369_2	ENGLISH	F	anderson_d	anderson_d
1993	10128416	1	Warner, K E	0000-0002-8214-1776	Warner|Kenneth	1065622_1	ENGLISH	M	warner_ke	warner_k
1993	7691254	3	Mantovani, A	0000-0001-5578-236X	Mantovani|Alberto	14241413_3	ITALIAN	M	mantovani_a	mantovani_a
1993	8431627	3	Armour, C L	0000-0002-2930-2227	Armour|Carol	6167455_1	ENGLISH	F	armour_cl	armour_c
1993	8362949	4	Assendelft, W J	0000-0002-2966-3778	assendelft|willem	1833493_1	DUTCH	M	assendelft_wj	assendelft_w
1993	8408007	2	Henzel, W J	0000-0003-2940-3797	Henzel|William	7451804_2	ENGLISH-GERMAN	M	henzel_wj	henzel_w
1993	8366325	2	de Rose, J C	0000-0001-9122-8948	de Rose|Julio	3958663_1	HISPANIC	M	derose_jc	derose_j
1993	8117248	1	Eisner, D A	0000-0002-7002-3748	Eisner|David	5160049_1	ENGLISH	M	eisner_da	eisner_d
1993	7689443	1	Korten, V	0000-0002-9991-814X	KORTEN|VOLKAN	2898650_3	TURKISH	M	korten_v	korten_v
1993	7670551	4	Souto, R P	0000-0002-6281-5956	Souto|Ricardo	7670551_4	HISPANIC	M	souto_rp	souto_r
1993	8239351	5	van Zandwijk, N	0000-0002-8405-9688	van Zandwijk|Nico	1198479_1	DUTCH	M	vanzandwijk_n	vanzandwijk_n
1993	8242239	5	Lötvall, J	0000-0001-9195-9249	Lötvall|Jan	1695534_1	NORDIC	M	lotvall_j	lotvall_j
1993	8438574	1	Conzelmann, K K	0000-0002-8614-3656	Conzelmann|Karl-Klaus	3123702_1	GERMAN	M	conzelmann_kk	conzelmann_k
1993	8510666	2	Seroude, L	0000-0002-4785-3890	Seroude|Laurent	8248632_1	FRENCH	M	seroude_l	seroude_l
1993	8458850	2	Hausinger, R P	0000-0002-3643-2054	Hausinger|Robert	6244281_3	GERMAN	M	hausinger_rp	hausinger_r
1993	8002698	1	Lutz, M	0000-0001-6665-6748	Lutz|Mariane	8002698_1	GERMAN	-	lutz_m	lutz_m
1993	8433654	1	Craig, P	0000-0002-9383-3057	craig|pippa	522755_4	ENGLISH	F	craig_p	craig_p
1993	8317277	1	Henry, C S	0000-0002-3945-6764	Henry|Carolyn	2287672_2	ENGLISH	F	henry_cs	henry_c
1993	8250233	2	Colmer, T D	0000-0002-3383-9596	Colmer|Timothy	8250233_2	ENGLISH	M	colmer_td	colmer_t
1993	8506406	2	Träber, F	0000-0002-9713-3445	Träber|Frank	3024254_2	GERMAN	M	traber_f	traber_f
1993	8123202	1	Fernández-Checa, J C	0000-0003-3422-2990	Fernández-Checa|José Carlos	3894201_4	HISPANIC	M	fernandezcheca_jc	fernandezcheca_j
1993	8261876	2	Roberts, D C	0000-0001-7040-0155	Roberts|David	1236760_1	ENGLISH	M	roberts_dc	roberts_d
1993	7956087	6	Ellis, J	0000-0002-4400-0091	Ellis|James	7956087_6	ENGLISH	M	ellis_j	ellis_j
1993	7956087	7	Fraser, P	0000-0002-0041-1227	Fraser|Peter	2291544_10	ENGLISH	M	fraser_p	fraser_p
1993	8378094	1	Fioretos, T	0000-0002-3235-6154	Fioretos|Thoas	2359344_3	NORDIC	-	fioretos_t	fioretos_t
1993	8432475	6	Cerf-Bensussan, N	0000-0003-0665-1245	Cerf-Bensussan|nadine	6687894_1	FRENCH	F	cerfbensussan_n	cerfbensussan_n
1993	8270888	2	Kliegl, R	0000-0002-0180-8488	Kliegl|Reinhold	7121249_1	GERMAN	M	kliegl_r	kliegl_r
1993	8359086	3	Harris, A G	0000-0002-6618-2092	Harris|Alan	1296627_3	ENGLISH	M	harris_ag	harris_a
1993	8477299	3	Treasure, J	0000-0003-0871-4596	Treasure|Janet	6345361_1	ENGLISH	F	treasure_j	treasure_j
1993	8374680	1	Nizet, V	0000-0003-3847-0422	Nizet|Victor	1645754_6	FRENCH	M	nizet_v	nizet_v
1993	8415832	1	Terry, A V	0000-0003-2071-4767	Terry|Alvin	2569343_2	ENGLISH	M	terry_av	terry_a
1993	8465094	6	Camussi, G	0000-0003-2795-232X	Camussi|Giovanni	19485921_3	ITALIAN	M	camussi_g	camussi_g
1993	8465570	3	Baumbach, A	0000-0001-7707-2254	Baumbach|Andreas	2093487_2	GERMAN	M	baumbach_a	baumbach_a
1993	8484574	8	Smith, G K	0000-0003-4026-031X	Smith|Gail	4030471_1	ENGLISH	F	smith_gk	smith_g
1993	8136812	3	Menei, P	0000-0002-2794-1316	menei|philippe	2622516_1	FRENCH	M	menei_p	menei_p
1993	8153857	4	Seymour, G	0000-0001-7595-5651	Seymour|Gregory	1069011_2	ENGLISH	M	seymour_g	seymour_g
1993	8105629	1	Ishikawa, O	0000-0002-7655-0610	Ishikawa|Osamu	13330948_4	JAPANESE	M	ishikawa_o	ishikawa_o
1993	8513034	1	De Cristofaro, M T	0000-0003-1702-0684	De Cristofaro|Maria Teresa Rosaria	3101253_2	ITALIAN	F	decristofaro_mt	decristofaro_m
1993	8513034	3	Pupi, A	0000-0002-4322-4704	Pupi|Alberto	382727_2	ITALIAN	M	pupi_a	pupi_a
1993	8400267	4	Guidez, F	0000-0003-1380-4473	Guidez|Fabien	1886422_1	FRENCH	M	guidez_f	guidez_f
1993	8390031	1	Peers, C	0000-0002-8354-346X	Peers|Chris	2446554_2	ENGLISH	M	peers_c	peers_c
1993	8241759	4	Rosa, A L	0000-0002-6495-2778	Rosa|Adalberto Luiz	3273727_1	HISPANIC	M	rosa_al	rosa_a
1993	8234340	1	Goldstein, R A	0000-0001-5148-4672	Goldstein|Richard	1762143_2	ENGLISH	M	goldstein_ra	goldstein_r
1993	8234340	3	Luthey-Schulten, Z A	0000-0001-9749-8367	Luthey-Schulten|Zaida	1409599_2	DUTCH-HISPANIC	F	lutheyschulten_za	lutheyschulten_z
1993	8003380	1	Wolf, S G	0000-0002-5337-5063	Wolf|Sharon	8003380_1	ENGLISH-ISRAELI	F	wolf_sg	wolf_s
1993	8262830	1	Pohar, S	0000-0002-8206-6462	Pohar|Surjeet	2257511_1	SLAV-INDIAN	-	pohar_s	pohar_s
1993	8409201	1	Fernández-López, J A	0000-0002-2856-7223	Fernández-López|José-Antonio	3142294_2	HISPANIC	M	fernandezlopez_ja	fernandezlopez_j
1993	8409201	3	Remesar, X	0000-0002-9707-7287	Remesar|Xavier	725235_3	HISPANIC	M	remesar_x	remesar_x
1993	8409201	4	Alemany, M	0000-0002-9783-8293	Alemany|Marià	4773343_6	HISPANIC	F	alemany_m	alemany_m
1993	8283449	5	Renfree, M B	0000-0002-4589-0436	Renfree|Marilyn	5453378_1	ENGLISH	F	renfree_mb	renfree_m
1993	8268339	2	Sotto, A	0000-0002-6463-9386	Sotto|Albert	4341284_2	HISPANIC	M	sotto_a	sotto_a
1993	8510545	1	Lew, A M	0000-0002-2198-8164	Lew|Andrew	525889_1	ENGLISH	M	lew_am	lew_a
1993	8338346	2	Donnan, G A	0000-0001-6324-3403	Donnan|Geoffrey	114997_1	ENGLISH	M	donnan_ga	donnan_g
1993	8338346	4	Howells, D W	0000-0002-2512-7724	Howells|David	6127565_3	ENGLISH	M	howells_dw	howells_d
1993	8419403	3	Brenchley, P E	0000-0003-1290-9919	Brenchley|Paul	4219907_2	ENGLISH	M	brenchley_pe	brenchley_p
1993	8435042	5	Kormelink, R	0000-0001-7360-1884	Kormelink|Richard	2101308_4	DUTCH	M	kormelink_r	kormelink_r
1993	8004641	1	Barillà, F	0000-0003-0594-7212	BARILLA'|Francesco	3233610_2	ITALIAN	M	barilla_f	barilla_f
1993	16348862	1	Visscher, P T	0000-0001-6911-1532	Visscher|Pieter	16347461_2	DUTCH	M	visscher_pt	visscher_p
1993	8467244	1	van den Brandt, P A	0000-0001-8781-8099	van den Brandt|Piet	7295753_1	DUTCH	M	vandenbrandt_pa	vandenbrandt_p
1993	8412906	3	Cunningham, A	0000-0002-6744-5667	Cunningham|Anthony	1852154_3	ENGLISH	-	cunningham_a	cunningham_a
1993	8369806	4	Cacoub, P	0000-0002-6727-4992	Cacoub|Patrice	4083641_2	FRENCH	M	cacoub_p	cacoub_p
1993	8482477	2	Timmermans, J P	0000-0003-2506-6252	Timmermans|Jean-Pierre	3544652_3	FRENCH	M	timmermans_jp	timmermans_j
1993	8098518	3	Trudeau, L E	0000-0003-4684-1377	Trudeau|Louis-Eric	2287493_2	FRENCH	M	trudeau_le	trudeau_l
1993	9831479	3	Yen, P M	0000-0002-3790-8114	Yen|Paul	908269_2	ENGLISH	M	yen_pm	yen_p
1993	8412821	2	Ceusters, W	0000-0002-2676-8689	Ceusters|Werner	3673495_1	GERMAN-DUTCH	M	ceusters_w	ceusters_w
1993	8454112	1	O'Brien, R C	0000-0003-4682-477X	O'Brien|Richard	2968359_1	ENGLISH	M	obrien_rc	obrien_r
1993	8277239	1	Sherlock, G	0000-0002-1692-4983	Sherlock|Gavin	8277239_1	ENGLISH	M	sherlock_g	sherlock_g
1993	8460673	3	Thomas, A P	0000-0002-9026-7467	Thomas|Andrew	6304096_1	ENGLISH	M	thomas_ap	thomas_a
1993	8460673	4	Hoek, J B	0000-0001-7127-4218	Hoek|Jan	5782247_1	DUTCH	M	hoek_jb	hoek_j
1993	8418064	7	Dietz, K	0000-0001-8503-9737	Dietz|klaus	3030790_4	GERMAN	-	dietz_k	dietz_k
1993	8497250	4	Baccarini, M	0000-0002-3033-391X	Baccarini|Manuela	7032541_2	ITALIAN	F	baccarini_m	baccarini_m
1993	8394714	3	Bergström, T B	0000-0002-9257-6757	Bergström|Tomas	8394714_3	NORDIC	-	bergstrom_tb	bergstrom_t
1993	7686008	6	Hegyi, T	0000-0001-9919-1043	Hegyi|Thomas	4563496_2	HUNGARIAN-GERMAN	M	hegyi_t	hegyi_t
1993	8262232	1	Das, T K	0000-0002-3641-3988	Das|Tapan	5154128_1	INDIAN	M	das_tk	das_t
1993	8287498	6	Leinwand, L A	0000-0003-1470-4810	LEINWAND|LESLIE	17919_1	ENGLISH	-	leinwand_la	leinwand_l
1993	8342522	6	Cecchi, F	0000-0002-2035-5621	Cecchi|Franco	1222401_5	ITALIAN	M	cecchi_f	cecchi_f
1993	8419640	2	Rice, A P	0000-0002-1237-4769	Rice|Andrew	6620463_1	ENGLISH	M	rice_ap	rice_a
1993	8456798	2	Graves, S E	0000-0002-1629-319X	Graves|Stephen	8456798_2	ENGLISH	M	graves_se	graves_s
1993	9377586	1	Di Costanzo, A	0000-0002-6138-5640	Di Costanzo|Alfonso	7254642_5	ITALIAN	M	dicostanzo_a	dicostanzo_a
1993	8450038	1	Pier, G B	0000-0002-9112-2331	Pier|Gerald	103840_1	ENGLISH	M	pier_gb	pier_g
1993	8365546	3	Rubio, A	0000-0002-5905-0534	Rubio Calvo|Amalia Macarena	2362550_2	HISPANIC	F	rubio_a	rubio_a
1993	8365546	4	Molinero, P	0000-0002-2988-0422	Molinero Hueso|Patrocinio	2988535_1	HISPANIC	M	molinero_p	molinero_p
1993	8273231	2	Juel, K	0000-0002-4134-1173	Juel|Knud	442276_2	NORDIC	M	juel_k	juel_k
1993	8388336	2	Ciaramella, M	0000-0003-1583-1694	Ciaramella|Maria	3999145_3	ITALIAN	F	ciaramella_m	ciaramella_m
1993	8366780	2	Joseph, S	0000-0001-7171-3356	joseph|stephen	1751865_1	ENGLISH	M	joseph_s	joseph_s
1993	8317316	3	Santicioli, P	0000-0003-4888-9219	Santicioli|Paolo	7225242_2	ITALIAN	M	santicioli_p	santicioli_p
1993	8467816	2	Girlanda, P	0000-0002-7152-2290	GIRLANDA|Paolo	220049_4	ITALIAN	M	girlanda_p	girlanda_p
1993	8467816	3	Vita, G	0000-0002-5204-7826	Vita|Giuseppe	754530_4	ITALIAN	M	vita_g	vita_g
1993	8489557	1	Kammer, T	0000-0002-2769-5645	Kammer|Thomas	1775198_4	GERMAN	M	kammer_t	kammer_t
1993	8109718	2	Popov, T	0000-0001-5052-5866	Popov|Todor	8109718_2	SLAV	-	popov_t	popov_t
1993	8352736	2	Harwood, J L	0000-0003-2377-2612	Harwood|John	4294903_2	ENGLISH	M	harwood_jl	harwood_j
1993	8459203	4	Hedrick, S M	0000-0002-6345-8751	Hedrick|Stephen	200698_2	ENGLISH	M	hedrick_sm	hedrick_s
1993	8295845	3	Santos, J L	0000-0003-2895-0369	Santos|José Luis	1577404_1	HISPANIC	-	santos_jl	santos_j
1993	8370993	1	Thomas, A	0000-0001-5650-7044	Thomas|Alun	3235879_1	ENGLISH	-	thomas_a	thomas_a
1993	8381121	1	Smith, S	0000-0002-8213-5915	Smith|Susan	8381121_1	ENGLISH	F	smith_s	smith_s
1993	8408737	1	Foss, J F	0000-0002-4050-7151	Foss|Joseph	10110233_2	ENGLISH	M	foss_jf	foss_j
1993	8116501	1	Molnár, K	0000-0002-6138-7929	Molnar|Kalman	13486481_2	HUNGARIAN	M	molnar_k	molnar_k
1993	8258286	2	Papagno, C	0000-0002-3659-6294	papagno|costanza	6192970_4	ITALIAN	F	papagno_c	papagno_c
1993	8290797	4	Kikuchi, Y	0000-0002-3262-3881	Kikuchi|Yoshihiro	327526_3	JAPANESE	M	kikuchi_y	kikuchi_y
1993	8391472	4	Fourcade-Peronnet, F	0000-0003-1354-240X	Peronnet|Frederique	2456522_1	FRENCH	-	fourcadeperonnet_f	fourcadeperonnet_f
1993	8359364	3	Vidal, C J	0000-0002-0769-5955	Vidal|Cecilio J.	744433_1	HISPANIC	M	vidal_cj	vidal_c
1993	8329918	4	Sharpe, C	0000-0003-1704-8492	Sharpe|Claire	8329918_4	ENGLISH	F	sharpe_c	sharpe_c
1993	8469829	5	Hayabuchi, Y	0000-0001-6143-2673	Hayabuchi|Yasunobu	2061999_5	JAPANESE	M	hayabuchi_y	hayabuchi_y
1993	8407551	3	Yokozaki, H	0000-0001-5276-3331	Yokozaki|Hiroshi	6207098_4	JAPANESE	M	yokozaki_h	yokozaki_h
1993	8407551	5	Ayhan, A	0000-0003-0136-4271	AYHAN|Ayse	4689752_1	TURKISH	M	ayhan_a	ayhan_a
1993	8428221	2	Doherty, M	0000-0002-5763-8326	Doherty|Michael	7403783_1	ENGLISH	M	doherty_m	doherty_m
1993	8514771	5	Schwartz, T W	0000-0002-0261-6904	Schwartz|Thue W.	57509_1	NORDIC	M	schwartz_tw	schwartz_t
1993	8236280	1	Renaud, J P	0000-0001-9180-5426	Renaud|Jean-Paul	3057383_8	FRENCH	M	renaud_jp	renaud_j
1993	8236280	4	Truan, G	0000-0002-3560-8302	Truan|Gilles	1628642_3	FRENCH	M	truan_g	truan_g
1993	8236280	5	Cullin, C	0000-0003-4110-4677	cullin|christophe	3044926_1	FRENCH	M	cullin_c	cullin_c
1993	8236280	7	Beaune, P	0000-0002-6569-9014	Beaune|Philippe	942497_2	FRENCH	M	beaune_p	beaune_p
1993	8264574	1	Angiolillo, A	0000-0002-0158-3039	Angiolillo|Antonella	2805644_2	ITALIAN	F	angiolillo_a	angiolillo_a
1993	8264574	2	Bramucci, M	0000-0003-4113-8199	Bramucci|Massimo	2447865_2	ITALIAN	M	bramucci_m	bramucci_m
1993	8490827	1	Ryan, L	0000-0001-5957-2490	Ryan|Louise	3659666_2	ENGLISH	F	ryan_l	ryan_l
1993	8430680	1	Saldanha, L F	0000-0001-9240-7526	Saldanha|Leopoldo	4195002_3	HISPANIC	M	saldanha_lf	saldanha_l
1993	8393505	2	Bauer, T W	0000-0003-0976-2119	Bauer|Thomas	7102899_1	GERMAN	M	bauer_tw	bauer_t
1993	8230334	6	Krettek, C	0000-0001-9807-0020	Krettek|Christian	6407153_4	GERMAN	M	krettek_c	krettek_c
1993	8464813	1	Yuasa, H	0000-0001-8349-6694	Yuasa|Hiroaki	8464813_1	JAPANESE	M	yuasa_h	yuasa_h
1993	8224441	2	Hill, S J	0000-0002-4424-239X	Hill|Stephen	593357_1	ENGLISH	M	hill_sj	hill_s
1993	8440215	3	Di Milia, L	0000-0001-7681-5589	Di Milia|Lee	8440215_3	ENGLISH	M	dimilia_l	dimilia_l
1993	8454746	1	Cendes, F	0000-0001-9336-9568	Cendes|Fernando	2264794_1	HISPANIC	M	cendes_f	cendes_f
1993	7905276	6	Gamarro, F	0000-0003-1347-3440	Gamarro|Francisco	6351229_4	HISPANIC	M	gamarro_f	gamarro_f
1993	7689052	2	Allmang, C	0000-0001-8883-0874	Allmang|Christine	7689052_2	FRENCH-ENGLISH	F	allmang_c	allmang_c
1993	8357479	4	Ito, O	0000-0002-5363-7158	Ito|Osamu	14876441_5	JAPANESE	M	ito_o	ito_o
1993	8505902	2	Ackerman, J L	0000-0001-5176-7496	Ackerman|Jerome	6927190_2	ENGLISH-FRENCH	M	ackerman_jl	ackerman_j
1993	8406923	4	Merlo, F	0000-0002-1832-4754	Merlo|Domenico Franco	5740715_4	ITALIAN	M	merlo_f	merlo_f
1993	8406923	5	Bonassi, S	0000-0003-3833-6717	bonassi|stefano	6533447_5	ITALIAN	M	bonassi_s	bonassi_s
1993	8246520	2	Velasco, S	0000-0002-3851-0212	Velasco|S	9895896_2	HISPANIC	M	velasco_s	velasco_s
1993	8372876	2	Zakar, T	0000-0002-1690-1159	Zakar|Tamas	5145402_2	HUNGARIAN	M	zakar_t	zakar_t
1993	7688049	3	Ikeda, M	0000-0003-3583-5975	Ikeda|Masato	7688049_3	JAPANESE	M	ikeda_m	ikeda_m
1993	8123441	7	López Pereira, P	0000-0003-4445-4410	López Pereira|Pedro	4003958_3	HISPANIC	M	lopezpereira_p	lopezpereira_p
1993	8123441	8	Martínez Urrutia, M	0000-0001-9267-3840	Martínez Urrutia|María José	4051344_2	HISPANIC	F	martinezurrutia_m	martinezurrutia_m
1993	8348982	1	Smetana, K	0000-0002-7878-8403	Smetana, Jr.|Karel	13344637_1	SLAV	M	smetana_k	smetana_k
1993	8370616	3	Pedroni, M	0000-0001-5374-5362	Pedroni|Monica	548803_3	ITALIAN	F	pedroni_m	pedroni_m
1993	8370616	5	Roncucci, L	0000-0002-0410-1760	Roncucci|Luca	3030177_1	ITALIAN	M	roncucci_l	roncucci_l
1993	8419243	3	Fiocca, R	0000-0002-8856-6185	Fiocca|Roberto	616233_1	ITALIAN	M	fiocca_r	fiocca_r
1993	18470011	1	McNevin, J P	0000-0002-9893-9256	mcnevin|john paul	18470011_1	ENGLISH	M	mcnevin_jp	mcnevin_j
1993	18470011	3	Hannoufa, A	0000-0003-0064-620X	Hannoufa|Abdelali	16668379_1	FRENCH	-	hannoufa_a	hannoufa_a
1993	8129173	1	Delverdier, M	0000-0001-5710-1388	DELVERDIER|Maxence	2368610_1	FRENCH	M	delverdier_m	delverdier_m
1993	8475213	1	Gill, M	0000-0003-0206-5337	Gill|Michael	1685750_1	ENGLISH	M	gill_m	gill_m
1993	8475213	7	Vallada, H	0000-0001-5123-8295	Vallada|Homero	1790470_1	HISPANIC	M	vallada_h	vallada_h
1993	8515240	1	Tetz, V V	0000-0001-9047-6763	Tetz|Victor	1006978_1	SLAV	M	tetz_vv	tetz_v
1993	8132005	1	Poyner, D R	0000-0003-1590-112X	Poyner|David R	3579968_5	ENGLISH	M	poyner_dr	poyner_d
1993	8132005	4	Tough, I R	0000-0002-4829-9369	Tough|Iain	8132005_4	ENGLISH	M	tough_ir	tough_i
1993	8396393	3	Mattick, J S	0000-0002-7680-7527	Mattick|John	1099437_2	ENGLISH	M	mattick_js	mattick_j
1993	8477790	2	Holst, J J	0000-0001-6853-3805	Holst|Jens Juul	13015501_1	NORDIC	M	holst_jj	holst_j
1993	8261751	7	Dunger, D B	0000-0002-2566-9304	Dunger|Professor David	82169_2	ENGLISH	M	dunger_db	dunger_d
1993	8372703	1	Lewis, S W	0000-0002-2049-1586	Lewis|Simon	8372703_1	ENGLISH	M	lewis_sw	lewis_s
1993	8372703	3	Worsfold, P J	0000-0002-2262-7723	Worsfold|Paul	18962565_3	ENGLISH	M	worsfold_pj	worsfold_p
1993	8428594	2	Clarke, P R	0000-0003-3525-2622	Clarke|Paul R	914851_3	ENGLISH	M	clarke_pr	clarke_p
1993	7904760	2	Lüthi, A	0000-0002-4954-4143	Luthi|Anita	7904760_2	GERMAN	M	luthi_a	luthi_a
1993	8476406	2	Ristvedt, S L	0000-0002-4166-0190	Ristvedt|Stephen	8257403_1	ENGLISH	M	ristvedt_sl	ristvedt_s
1993	8128763	6	Babu, B V	0000-0001-5096-2222	Babu|Bontha	6545338_3	INDIAN	M	babu_bv	babu_b
1993	8367474	1	Croner, L J	0000-0002-3921-1484	Croner|Lisa	16663229_2	GERMAN	F	croner_lj	croner_l
1993	8297234	1	Araújo, A Q	0000-0001-7694-7223	araujo|abelardo	8297234_1	HISPANIC	M	araujo_aq	araujo_a
1993	8120821	1	Ashton, N	0000-0003-3366-1617	Ashton|Nick	18152811_1	ENGLISH	M	ashton_n	ashton_n
1993	8120821	3	Elliott, A C	0000-0003-3569-9002	Elliott|Austin	3127579_2	ENGLISH	M	elliott_ac	elliott_a
1993	8456332	1	Byng, R	0000-0001-7411-9467	Byng|Richard	8456332_1	ENGLISH	M	byng_r	byng_r
1993	8244989	1	Yu, F H	0000-0001-9306-1731	Yu|Frank	8244989_1	ENGLISH-CHINESE	M	yu_fh	yu_f
1993	8402564	1	Lu, Y J	0000-0001-6174-6621	Lu|Yong-Jie	8402564_1	CHINESE	M	lu_yj	lu_y
1993	7506309	2	Chilvers, E R	0000-0002-4230-9677	Chilvers|Edwin	6343324_1	ENGLISH	M	chilvers_er	chilvers_e
1993	18475522	1	Seow, W K	0000-0002-7876-4524	Seow|Wan Kim	6094630_1	ENGLISH-CHINESE	-	seow_wk	seow_w
1993	18475522	6	Fairlie, D P	0000-0002-7856-8566	Fairlie|David	7190079_2	ENGLISH	M	fairlie_dp	fairlie_d
1993	8416808	3	Garman, E	0000-0001-8329-5665	Garman|Elspeth	9954118_8	ENGLISH	F	garman_e	garman_e
1993	8457002	1	Tordoff, M G	0000-0003-1977-9520	Tordoff|Michael	6284811_1	ENGLISH	M	tordoff_mg	tordoff_m
1993	7686165	6	Roberts, C T	0000-0003-1756-5772	Roberts|Charles	4202358_1	ENGLISH	M	roberts_ct	roberts_c
1993	8268294	2	Entelis, N S	0000-0002-7915-5528	Entelis|Nina	2452063_1	SLAV-ENGLISH	F	entelis_ns	entelis_n
1993	8145292	2	Blasi, J	0000-0002-0482-9444	Blasi|Juan	2454429_2	HISPANIC	M	blasi_j	blasi_j
1993	8145292	3	Egea, G	0000-0001-5242-150X	Egea|Gustavo	3105889_1	HISPANIC	M	egea_g	egea_g
1993	9343561	2	Smithson, K G	0000-0002-3020-5109	Smithson|Kenneth	6188002_1	ENGLISH	M	smithson_kg	smithson_k
1993	9343561	3	Sieck, G C	0000-0003-3040-9424	sieck|gary	4810172_4	ENGLISH-ARAB	M	sieck_gc	sieck_g
1993	8366859	3	Waldmann, H	0000-0001-7519-6720	Waldmann|Herman	6024503_2	GERMAN	M	waldmann_h	waldmann_h
1993	8469431	1	Correia-de-Sá, P	0000-0002-6114-9189	Correia-de-Sá|Paulo	1679362_1	HISPANIC	M	correiadesa_p	correiadesa_p
1993	8469431	2	Ribeiro, J A	0000-0002-9330-3507	Ribeiro|Joaquim	4726979_4	HISPANIC	M	ribeiro_ja	ribeiro_j
1993	8511588	3	Garcia-Sanz, J A	0000-0002-1153-6025	Garcia-Sanz|Jose A.	12985462_2	HISPANIC	M	garciasanz_ja	garciasanz_j
1993	8380986	1	Pacini, L	0000-0001-6148-0106	Pacini|Laura	2775233_2	ITALIAN	F	pacini_l	pacini_l
1993	8110119	8	Brummer, R J	0000-0002-0362-0008	Brummer|Robert	10252065_1	DUTCH	M	brummer_rj	brummer_r
1993	8264537	3	Martin, M	0000-0003-2498-9768	Martin Basanta|Marta	8234300_2	HISPANIC	F	martin_m	martin_m
1993	8264537	6	Lee, K	0000-0003-4544-5217	Lee|Karen	8099710_3	ENGLISH-CHINESE	F	lee_k	lee_k
1993	8401579	1	Zucman, J	0000-0002-5687-0334	zucman-rossi|Jessica	1760403_3	FRENCH	F	zucman_j	zucman_j
1993	8401579	3	Desmaze, C	0000-0003-0777-8854	Desmaze|Chantal	1283315_3	FRENCH	F	desmaze_c	desmaze_c
1993	8470133	4	Suarez-Kurtz, G	0000-0002-1115-8319	Suarez-Kurtz|Guilherme	5661010_1	HISPANIC	M	suarezkurtz_g	suarezkurtz_g
1993	8376540	1	Guerrieri, A	0000-0002-1662-5203	Guerrieri|Antonio	6100131_3	ITALIAN	M	guerrieri_a	guerrieri_a
