1993	8257103	1	Cross, G A	0000-0003-1374-6955	Cross|George	5652083_1	ENGLISH	M	cross_ga	cross_g
1993	8313141	2	Haburcák, M	0000-0003-0662-0756	Haburcak|Marian	8224784_2	SLAV	M	haburcak_m	haburcak_m
1993	8347537	2	Cummins, C	0000-0001-5464-1944	Cummins|Carole	2455536_2	ENGLISH	F	cummins_c	cummins_c
1993	8327554	1	Tsibulsky, V L	0000-0002-7163-2684	Tsibulsky|Vladimir	200031_1	SLAV	M	tsibulsky_vl	tsibulsky_v
1993	8467555	3	Rook, G A	0000-0002-8041-8110	Rook|Graham	14337303_4	ENGLISH	M	rook_ga	rook_g
1993	8480337	1	elSisi, A E	0000-0001-7244-4282	Elsisi|Alaa	2925020_1	ARAB	-	elsisi_ae	elsisi_a
1993	8246205	1	Farmer, S F	0000-0001-5193-8195	Farmer|Simon	6209114_2	ENGLISH	M	farmer_sf	farmer_s
1993	8463816	1	French, A S	0000-0001-8190-4084	French|Andrew	5431637_1	ENGLISH	M	french_as	french_a
1993	8453953	2	Jack, C R	0000-0001-7916-622X	Jack|Clifford	6696284_1	ENGLISH	M	jack_cr	jack_c
1993	8103321	1	Page, A C	0000-0003-3133-2844	Page|Andrew	8103321_1	ENGLISH	M	page_ac	page_a
1993	8509783	3	Kemp, G J	0000-0002-8324-9666	Kemp|Graham	6733900_1	ENGLISH	M	kemp_gj	kemp_g
1993	8499607	1	Domańska-Janik, K	0000-0003-0514-7776	Domanska-Janik|Krystyna	5111507_1	SLAV	F	domanskajanik_k	domanskajanik_k
1993	8111353	3	Czurkó, A	0000-0002-1985-7296	Czurkó|András	1688239_1	HUNGARIAN	M	czurko_a	czurko_a
1993	8111353	5	Vida, I	0000-0003-3214-2233	Vida|Imre	5593245_1	HUNGARIAN	M	vida_i	vida_i
1993	8377898	7	Komiyama, M	0000-0003-0998-6315	komiyama|masaki	944874_1	JAPANESE	-	komiyama_m	komiyama_m
1993	8384150	1	Buettner, G R	0000-0002-5594-1903	Buettner|Garry	189818_1	ENGLISH	M	buettner_gr	buettner_g
1993	8422963	2	Mitchell, P	0000-0002-3178-0439	Mitchell|Phil	1697060_1	ENGLISH	M	mitchell_p	mitchell_p
1993	8387070	5	Pedersen, B K	0000-0001-6508-6288	Pedersen|Bente Klarlund	6649120_6	NORDIC	F	pedersen_bk	pedersen_b
1993	7684820	1	Scheerlinck, J P	0000-0002-8385-353X	Scheerlinck|Jean-Pierre	1722777_4	FRENCH	M	scheerlinck_jp	scheerlinck_j
1993	8101628	1	Martín-Villa, J M	0000-0002-2436-8585	Martin-Villa|Jose M.	2872416_4	HISPANIC	M	martinvilla_jm	martinvilla_j
1993	8020531	1	Höglund, P	0000-0002-8395-922X	Höglund|Peter	2874048_2	NORDIC	M	hoglund_p	hoglund_p
1993	8393576	4	Gutkind, J S	0000-0002-5150-4482	Gutkind|J. Silvio	6493360_1	HISPANIC	M	gutkind_js	gutkind_j
1993	8432050	1	Hicks, R J	0000-0002-0758-0824	Hicks|Rodney	1334469_1	ENGLISH	M	hicks_rj	hicks_r
1993	8510231	2	Clark, N	0000-0001-5670-4443	Clark|Nina	1520775_2	ENGLISH	F	clark_n	clark_n
1993	8385632	1	Weiss, G	0000-0003-0709-2158	Weiss|Guenter	1678467_3	GERMAN	M	weiss_g	weiss_g
1993	8385632	5	Werner, E R	0000-0003-1948-3391	Werner|Ernst R.	2865602_7	GERMAN	M	werner_er	werner_e
1993	9420927	1	O'Hanlan, K A	0000-0002-7577-4188	O'Hanlan|Katherine	2753420_1	ENGLISH	F	ohanlan_ka	ohanlan_k
1993	8082313	7	Bishop, D T	0000-0002-8752-8785	Bishop|Tim	564432_1	ENGLISH	M	bishop_dt	bishop_d
1993	8102635	3	Ayté, J	0000-0002-6354-0536	Ayte|Jose	1969343_3	HISPANIC-ENGLISH	M	ayte_j	ayte_j
1993	8232900	4	Martinez, A	0000-0003-0831-9916	Martínez|Albert	8232900_4	HISPANIC	M	martinez_a	martinez_a
1993	8333512	3	Bianco, A C	0000-0001-7737-6813	Bianco|Antonio	6976263_1	ITALIAN-HISPANIC	M	bianco_ac	bianco_a
1993	7693598	2	Lencer, W I	0000-0001-7346-2730	Lencer|Wayne	3679546_1	ENGLISH	M	lencer_wi	lencer_w
1993	8239616	5	ter Kuile, F O	0000-0003-3663-5617	ter Kuile|Feiko	1674024_2	DUTCH-JAPANESE	M	terkuile_fo	terkuile_f
1993	8364378	3	Brandi, G	0000-0003-0013-2858	Brandi|Giovanni	810675_3	ITALIAN	M	brandi_g	brandi_g
1993	8255704	1	Duncan, J	0000-0002-1373-0681	Duncan|John S	528934_1	ENGLISH	M	duncan_j	duncan_j
1993	8423803	2	Cobb, M H	0000-0003-0833-5473	Cobb|Melanie	33656_2	ENGLISH	F	cobb_mh	cobb_m
1993	8419601	1	Boucher, F D	0000-0003-0051-854X	Boucher|Francois	3501422_3	FRENCH	M	boucher_fd	boucher_f
1993	8419601	6	Pelton, S	0000-0003-4862-5344	Pelton|Stephen	1151561_2	ENGLISH	M	pelton_s	pelton_s
1993	8379210	1	el-Shebini, S M	0000-0002-3582-0311	Elshebini|Salwa	12316351_4	ARAB	-	elshebini_sm	elshebini_s
1993	8379210	2	Tapozada, S T	0000-0002-4680-1503	tapozada|salwa	8379210_2	HISPANIC	-	tapozada_st	tapozada_s
1993	8379210	3	Hanna, L M	0000-0001-7708-380X	Hanna|Laila M.	533748_3	ENGLISH	F	hanna_lm	hanna_l
1993	8486356	3	Chaplin, D D	0000-0002-1354-3069	Chaplin|David	4207395_3	ENGLISH	M	chaplin_dd	chaplin_d
1993	8233747	5	Van de Perre, P	0000-0002-3912-0427	Van de Perre|Philippe	6136094_2	FRENCH	M	vandeperre_p	vandeperre_p
1993	8103218	8	Paganelli, M	0000-0002-0290-1027	Paganelli|Michele	3399109_4	ITALIAN	M	paganelli_m	paganelli_m
1993	8111825	5	Stefano, G B	0000-0002-8146-0740	Stefano|George	1115806_1	ITALIAN-GREEK	M	stefano_gb	stefano_g
1993	7680960	4	Cowburn, D	0000-0001-6770-7172	Cowburn|David	4889800_2	ENGLISH	M	cowburn_d	cowburn_d
1993	7506703	1	Bögler, O	0000-0002-3700-0480	Bogler|Oliver	2201028_1	GERMAN	M	bogler_o	bogler_o
1993	7506703	4	Monuki, E	0000-0001-5130-781X	Monuki|Edwin	2561978_1	JAPANESE-HISPANIC	M	monuki_e	monuki_e
1993	8488030	3	Byard, R W	0000-0002-0524-5942	Byard|Roger	4063883_1	ENGLISH	M	byard_rw	byard_r
1993	7511214	1	McKean, P G	0000-0002-0445-0741	McKean|Paul Gerard	15463111_2	ENGLISH	M	mckean_pg	mckean_p
1993	8470225	1	Knechtle, S J	0000-0002-1625-385X	Knechtle|Stuart	6808025_3	FRENCH	M	knechtle_sj	knechtle_s
1993	8183737	6	Kartha, C C	0000-0002-6782-4456	KARTHA|CHANDRASEKHARAN	5458345_2	INDIAN	M	kartha_cc	kartha_c
1993	7685130	1	Fevereiro, M	0000-0003-1811-1414	Fevereiro|Miguel	18766929_8	HISPANIC	M	fevereiro_m	fevereiro_m
1993	8150897	6	Barratt, C L	0000-0003-0062-9979	Barratt|christopher	3761259_1	ENGLISH	M	barratt_cl	barratt_c
1993	8439159	2	Peyton, B M	0000-0003-0033-0651	Peyton|Brent	18609615_1	ENGLISH	M	peyton_bm	peyton_b
1993	8497195	6	Freudl, R	0000-0003-0743-1279	Freudl|Roland	6349993_1	GERMAN	M	freudl_r	freudl_r
1993	8497195	7	Driessen, A J	0000-0001-9258-9104	Driessen|Arnold J.M.	2999769_1	DUTCH	M	driessen_aj	driessen_a
1993	8473898	2	Herbison, A E	0000-0002-9615-3022	Herbison|Allan	6377126_1	ENGLISH	M	herbison_ae	herbison_a
1993	8103677	5	Geahlen, R L	0000-0001-8400-2924	Geahlen|Robert	270679_1	ENGLISH-GERMAN	M	geahlen_rl	geahlen_r
1993	8396452	1	Hoh, J H	0000-0003-3842-9454	Hoh|Jan	6734149_1	UNKNOWN	M	hoh_jh	hoh_j
1993	8429267	2	Hansen, H S	0000-0001-7360-7418	Hansen|Harald S.	656454_1	NORDIC-GERMAN	M	hansen_hs	hansen_h
1993	8432545	2	Brook, J D	0000-0002-5946-6740	Brook|John David	4459993_1	ENGLISH	M	brook_jd	brook_j
1993	8514821	2	Kannisto, P	0000-0002-5517-1494	Kannisto|Päivi	6509507_1	NORDIC	F	kannisto_p	kannisto_p
1993	8379965	6	Franceschini, G	0000-0003-2687-1771	FRANCESCHINI|GUIDO	14949153_2	ITALIAN	M	franceschini_g	franceschini_g
1993	8429685	1	Lozano, F	0000-0003-1119-4368	LOZANO|FRANCISCO	3500062_2	HISPANIC	M	lozano_f	lozano_f
1993	8429685	3	Alberola-Ila, J	0000-0003-2439-553X	alberola-ila|Jose	2633049_2	HISPANIC	M	alberolaila_j	alberolaila_j
1993	8429685	4	Milá, M	0000-0002-7906-0916	Milà|Montserrat	7463035_3	HISPANIC	F	mila_m	mila_m
1993	8157468	2	Balis, F M	0000-0002-8117-6926	Balis|Frank	6287875_2	ENGLISH	M	balis_fm	balis_f
1993	8491869	3	Csillag, A	0000-0003-2644-0605	Csillag|András	11946065_1	HUNGARIAN	M	csillag_a	csillag_a
1993	8482537	1	Tiranti, V	0000-0002-3584-7338	Tiranti|Valeria	1677065_7	ITALIAN	F	tiranti_v	tiranti_v
1993	7508743	5	Hayball, J D	0000-0002-3089-4506	Hayball|John	1711073_2	ENGLISH	M	hayball_jd	hayball_j
1993	7508743	7	O'Hehir, R E	0000-0002-3489-7595	O'Hehir|Robyn	6598055_1	ENGLISH	F	ohehir_re	ohehir_r
1993	8497956	2	Linnet, K	0000-0001-6974-5535	Linnet|Kristian	7029843_1	NORDIC	M	linnet_k	linnet_k
1993	8220781	5	Watabe, K	0000-0002-0245-3834	Watabe|Kazuhiko	217495_1	JAPANESE	M	watabe_k	watabe_k
1993	8516874	1	Bruzzone, P	0000-0002-7124-1245	bruzzone|paolo	3870759_2	ITALIAN	M	bruzzone_p	bruzzone_p
1993	8516874	3	Rossi, M	0000-0001-5105-4656	rossi|massimo	6385377_5	ITALIAN	M	rossi_m	rossi_m
1993	8516874	6	Casciaro, G	0000-0002-9464-5461	casciaro|giovanni	2518436_7	ITALIAN	M	casciaro_g	casciaro_g
1993	8451177	3	Shuldiner, A R	0000-0001-9921-4305	Shuldiner|Alan	3985611_1	ENGLISH	M	shuldiner_ar	shuldiner_a
1993	8279798	2	Couppié, P	0000-0002-4213-2867	Couppie|Pierre	2138756_2	FRENCH	M	couppie_p	couppie_p
1993	8252195	1	Singer, S	0000-0001-9713-8230	Singer|Samuel	2314447_4	ENGLISH-GERMAN	M	singer_s	singer_s
1993	8333931	3	Taylor, H R	0000-0002-9437-784X	Taylor|Hugh	1107770_1	ENGLISH	M	taylor_hr	taylor_h
1993	8220309	1	Christensen, S T	0000-0001-5004-304X	Christensen|Søren Tvorup	1578410_2	NORDIC	M	christensen_st	christensen_s
1993	8423366	5	Okamoto, H	0000-0003-0827-0964	Okamoto|Hiroaki	6210323_4	JAPANESE	M	okamoto_h	okamoto_h
1993	8420300	1	Dimopoulos, M A	0000-0001-8990-3254	Dimopoulos|Meletios	6188144_3	GREEK	M	dimopoulos_ma	dimopoulos_m
1993	8281310	1	Cenci, M A	0000-0003-2216-2900	Cenci Nilsson|M. Angela	1979646_3	ITALIAN	F	cenci_ma	cenci_m
1993	8281310	2	Björklund, A	0000-0002-5676-6203	Björklund|Anders	14849537_2	NORDIC	M	bjorklund_a	bjorklund_a
1993	8513134	1	Tavitian, B	0000-0002-5349-8194	Tavitian|Bertrand	2425891_1	FRENCH	M	tavitian_b	tavitian_b
1993	8500511	1	Brummer, R J	0000-0002-0362-0008	Brummer|Robert	10252065_1	DUTCH	M	brummer_rj	brummer_r
1993	8500511	2	Lönn, L	0000-0003-2089-5211	Lonn (Lönn)|Lars	8110117_1	NORDIC	M	lonn_l	lonn_l
1993	8269427	2	Schmitz-Rode, T	0000-0002-1181-2165	Schmitz-Rode|Thomas	2312522_4	GERMAN	M	schmitzrode_t	schmitzrode_t
1993	8367448	7	Balsari, A	0000-0002-3250-2668	balsari|andrea	4373316_1	ITALIAN	M	balsari_a	balsari_a
1993	8367448	8	Spano, P	0000-0002-9906-0964	SPANO|PIERFRANCO	4381864_1	ITALIAN	M	spano_p	spano_p
1993	8386443	3	Howley, P M	0000-0002-8668-9579	Howley|Peter	163342_1	ENGLISH	M	howley_pm	howley_p
1993	7907843	3	Curtis, D	0000-0002-4089-9183	Curtis|David	3233404_2	ENGLISH	M	curtis_d	curtis_d
1993	7907843	6	Gill, M	0000-0003-0206-5337	Gill|Michael	1685750_1	ENGLISH	M	gill_m	gill_m
1993	8232961	2	Jack, C R	0000-0001-7916-622X	Jack|Clifford	6696284_1	ENGLISH	M	jack_cr	jack_c
1993	8443284	1	Piraino, B	0000-0001-5061-0841	Piraino|Beth	6720731_2	ENGLISH	F	piraino_b	piraino_b
1993	8424374	1	Kudo, M	0000-0002-4102-3474	Kudo|Masatoshi	7341798_2	JAPANESE	M	kudo_m	kudo_m
1993	8256730	5	Cuocolo, A	0000-0003-3431-7658	Cuocolo|Alberto	7185376_7	ITALIAN	M	cuocolo_a	cuocolo_a
1993	8335562	2	Capelli, C	0000-0002-3278-1337	Capelli|Carlo	3693226_2	ITALIAN	M	capelli_c	capelli_c
1993	8335562	5	Girardis, M	0000-0002-2453-0829	GIRARDIS|Massimo	8335562_5	ITALIAN	M	girardis_m	girardis_m
1993	8335562	6	Zamparo, P	0000-0002-6919-6721	Zamparo|Paola	2044527_3	ITALIAN	F	zamparo_p	zamparo_p
1993	8284578	1	Murta, E F	0000-0003-4014-1345	Murta|Eddie	1947606_1	ENGLISH	M	murta_ef	murta_e
1993	8291567	1	Tibben, A	0000-0002-4560-1710	Tibben|Aad	1968570_1	DUTCH	M	tibben_a	tibben_a
1993	8255782	3	James, W	0000-0002-2506-1198	james|william	2901802_1	ENGLISH	M	james_w	james_w
1993	8511402	1	Hempleman, S C	0000-0002-4318-196X	Hempleman|Steven	487763_1	ENGLISH	M	hempleman_sc	hempleman_s
1993	8314803	1	Dusetti, N J	0000-0002-6161-8483	Dusetti|Nelson	1696380_2	HISPANIC	M	dusetti_nj	dusetti_n
1993	8383423	1	Robles, N R	0000-0003-4984-6691	Robles|Nicolas Roberto	3051597_3	HISPANIC	M	robles_nr	robles_n
1993	8396481	3	Ferrucci, P F	0000-0001-6255-5851	ferrucci|pier francesco	8394219_2	ITALIAN	M	ferrucci_pf	ferrucci_p
1993	7686220	8	Clemente, M G	0000-0002-4586-3868	Clemente|Maria Grazia	7686220_8	ITALIAN	F	clemente_mg	clemente_m
1993	8468916	1	Haeffner-Cavaillon, N	0000-0002-1703-8561	Haeffner|Nicole	114580_1	FRENCH	F	haeffnercavaillon_n	haeffnercavaillon_n
1993	8413750	3	Dressnandt, J	0000-0001-9864-1815	Dressnandt|Jürgen	1644120_1	GERMAN	M	dressnandt_j	dressnandt_j
1993	8301927	5	Schmutz, A	0000-0002-9744-5764	Schmutz|Axel	6299168_5	FRENCH	M	schmutz_a	schmutz_a
1993	8501201	2	Yovich, J L	0000-0002-9583-3683	Yovich|John	6132069_1	ENGLISH	M	yovich_jl	yovich_j
1993	8294334	2	Koul, P	0000-0002-1700-9285	Koul|Parvaiz	1392378_1	ARAB	M	koul_p	koul_p
1993	7678530	2	Wu, C F	0000-0002-4973-2021	Wu|Chun-Fang	211514_1	CHINESE	-	wu_cf	wu_c
1993	8446939	4	Bechstein, W O	0000-0002-3267-8145	Bechstein |Wolf	6524642_1	GERMAN	M	bechstein_wo	bechstein_w
1993	8153085	4	Brennecke, S P	0000-0003-3070-6971	Brennecke|Shaun	6110947_2	ENGLISH	M	brennecke_sp	brennecke_s
1993	8096543	2	Deshaies, Y	0000-0002-6242-4592	Deshaies|Yves	4806666_5	FRENCH	M	deshaies_y	deshaies_y
1993	8306069	2	Hill, S J	0000-0002-4424-239X	Hill|Stephen	593357_1	ENGLISH	M	hill_sj	hill_s
1993	8114116	1	Markos, A	0000-0001-5485-8334	Markos|Anton	14461651_2	SLAV-ENGLISH	M	markos_a	markos_a
1993	7692254	3	Schaaper, R M	0000-0003-1344-3196	Schaaper|Roel	6453349_1	DUTCH	M	schaaper_rm	schaaper_r
1993	8363775	1	Horsburgh, C R	0000-0001-6838-7895	Horsburgh|C.	7261833_2	ENGLISH	M	horsburgh_cr	horsburgh_c
1993	7901559	2	Marrugat, J	0000-0003-3320-554X	Marrugat|Jaume	2666779_1	HISPANIC	M	marrugat_j	marrugat_j
1993	7683839	1	Kitraki, E	0000-0001-9532-1162	Kitraki|Efthymia	7167436_3	GREEK	F	kitraki_e	kitraki_e
1993	7508453	3	Irving, W L	0000-0002-7268-3168	Irving|William	429223_1	ENGLISH	M	irving_wl	irving_w
1993	7508453	5	Cunningham, A L	0000-0002-6744-5667	Cunningham|Anthony	292386_1	ENGLISH	M	cunningham_al	cunningham_a
1993	8145152	4	Boyett, M R	0000-0003-3931-2020	Boyett|Mark	853435_1	ENGLISH	M	boyett_mr	boyett_m
1993	8210509	2	Fuxe, K	0000-0001-8491-4288	Fuxe|Kjell	13824691_2	NORDIC	M	fuxe_k	fuxe_k
1993	7509915	2	Warner, T D	0000-0003-3988-4408	Warner|Timothy	2832851_3	ENGLISH	M	warner_td	warner_t
1993	8257225	3	Sauvanet, A	0000-0002-7436-5999	SAUVANET|alain	7267306_2	FRENCH	M	sauvanet_a	sauvanet_a
1993	8516887	3	Shokeir, A A	0000-0001-6386-3215	Shokeir|Ahmed	5944358_1	ARAB	M	shokeir_aa	shokeir_a
1993	8516887	4	Bakr, M A	0000-0002-3650-4353	Bakr|Adel M.	756435_3	ARAB	M	bakr_ma	bakr_m
1993	8290167	4	Nicod, L	0000-0002-0905-916X	Nicod|Laurent P	2959182_1	FRENCH	M	nicod_l	nicod_l
1993	8419548	1	Lundqvist, C	0000-0002-2596-9876	Lundqvist|Christofer	8406682_2	NORDIC	M	lundqvist_c	lundqvist_c
1993	8419548	2	Rodriguez, F D	0000-0002-8322-2711	Rodriguez|Francisco David	2472573_1	HISPANIC	-	rodriguez_fd	rodriguez_f
1993	8099744	3	Acharya, K R	0000-0002-3009-4058	Acharya|K. Ravi	3089851_2	INDIAN	M	acharya_kr	acharya_k
1993	8221231	1	Lévy, N	0000-0001-5171-6365	LEVY|Nicolas	7691161_2	FRENCH	M	levy_n	levy_n
1993	8392714	1	Roberts, R J	0000-0002-4348-0169	Roberts|Richard	4930963_2	ENGLISH	M	roberts_rj	roberts_r
1993	8440352	7	Jollès, P	0000-0002-1527-6363	Jolles|Pierre	12997491_1	FRENCH	M	jolles_p	jolles_p
1993	8322040	1	Esteves, F	0000-0002-5403-0091	Esteves|Francisco	8322040_1	HISPANIC	M	esteves_f	esteves_f
1993	8292537	3	Passoni, L	0000-0002-9468-2166	passoni|lorena	8292537_3	ITALIAN	-	passoni_l	passoni_l
1993	8499506	2	Clochesy, J M	0000-0002-4859-0578	Clochesy|John	6922854_1	ENGLISH	M	clochesy_jm	clochesy_j
1993	8462468	1	Skene, D J	0000-0001-8202-6180	Skene|Debra	7064025_1	ENGLISH	F	skene_dj	skene_d
1993	8263560	1	Azevedo, E	0000-0003-3731-4508	Azevedo|Elsa	8263560_1	HISPANIC	F	azevedo_e	azevedo_e
1993	8263560	3	Polónia, J	0000-0002-0133-7217	Polonia|Jorge	8263560_3	HISPANIC	-	polonia_j	polonia_j
1993	8385371	1	Halloran, P F	0000-0003-1371-1947	Halloran|Philip	4135224_1	ENGLISH	M	halloran_pf	halloran_p
1993	8474726	3	Romans, S E	0000-0002-7845-2344	Romans|Sarah	1417637_1	ENGLISH	F	romans_se	romans_s
1993	8402026	3	Forman, A	0000-0003-1369-1296	Forman|Axel	362820_2	GERMAN	M	forman_a	forman_a
1993	8498371	7	Fernandez-Ortiz, A	0000-0002-3239-1910	Fernandez-Ortiz|Antonio	2236782_3	HISPANIC	M	fernandezortiz_a	fernandezortiz_a
1993	8359187	1	McLachlan, A J	0000-0003-4674-0242	McLachlan|Andrew	1797817_1	ENGLISH	M	mclachlan_aj	mclachlan_a
1993	8273615	3	Dimopoulos, M A	0000-0001-8990-3254	Dimopoulos|Meletios	6188144_3	GREEK	M	dimopoulos_ma	dimopoulos_m
1993	8469427	1	Suzuki, N	0000-0002-0399-6590	Suzuki|Norihiro	7193015_7	JAPANESE	M	suzuki_n	suzuki_n
1993	8316531	2	Evrard, S	0000-0003-1063-6822	EVRARD|Serge	2948172_2	FRENCH	M	evrard_s	evrard_s
1993	8389407	1	Maruno, K	0000-0002-4147-9607	MARUNO|Kaname	7007033_3	JAPANESE	-	maruno_k	maruno_k
1993	8391649	1	Huang, Z J	0000-0003-0592-028X	Huang|Z. Josh	1902699_3	CHINESE	-	huang_zj	huang_z
1993	8373166	2	Bechara, E J	0000-0001-9526-2529	Bechara|Etelvino	4327493_1	HISPANIC	-	bechara_ej	bechara_e
1993	7691901	3	Ball, G F	0000-0002-4784-0520	Ball|Gregory	6684527_1	ENGLISH	M	ball_gf	ball_g
1993	8434081	3	Quigley, K S	0000-0001-8844-990X	Quigley|Karen	2244983_1	ENGLISH	F	quigley_ks	quigley_k
1993	8422915	2	Gogarten, J P	0000-0001-6459-6518	Gogarten|Johann Peter	16593685_4	GERMAN	M	gogarten_jp	gogarten_j
1993	8212159	1	Humbert, M	0000-0003-0703-2892	Humbert|Marc	7060855_4	FRENCH	M	humbert_m	humbert_m
1993	8365844	2	Diren, B	0000-0001-8958-2040	DIREN|HALDUN BARIS	3703599_1	TURKISH	M	diren_b	diren_b
1993	7508741	1	Słowińska-Klencka, D	0000-0002-5617-0418	Słowińska-Klencka|Dorota	7508741_1	SLAV	F	slowinskaklencka_d	slowinskaklencka_d
1993	8213333	3	Plummer, M	0000-0001-5130-6497	Plummer|Martyn	8213333_3	ENGLISH	-	plummer_m	plummer_m
1993	8240894	5	Lolli, F	0000-0001-7181-6806	Lolli|Francesco	1084758_2	ITALIAN	M	lolli_f	lolli_f
1993	8240894	6	Caramella, D	0000-0002-9951-2916	Caramella|Davide	2713500_3	ITALIAN	M	caramella_d	caramella_d
1993	8316614	2	Hess, U	0000-0002-6793-7282	Hess|Ursula	1639672_1	GERMAN	F	hess_u	hess_u
1993	8216669	6	Martini, C	0000-0001-9379-3027	Martini|Claudia	488258_2	ITALIAN-GERMAN	F	martini_c	martini_c
1993	8216669	7	Giusti, L	0000-0001-7366-1932	Giusti|Laura	1789266_3	ITALIAN	F	giusti_l	giusti_l
1993	8216669	8	Lucacchini, A	0000-0002-0917-4491	LUCACCHINI|ANTONIO	5418115_3	ITALIAN	M	lucacchini_a	lucacchini_a
1993	8268410	3	Orland, H	0000-0002-6983-2951	Orland|Henri	9935668_2	DUTCH-FRENCH	M	orland_h	orland_h
1993	8516307	5	Polis, M A	0000-0002-9151-2268	Polis|Michael	3838662_1	SLAV	M	polis_ma	polis_m
1993	8416468	3	Coleman, G	0000-0002-9558-789X	Coleman|Grahame	8416468_3	ENGLISH	-	coleman_g	coleman_g
1993	8224240	4	Fiocca, R	0000-0002-8856-6185	Fiocca|Roberto	616233_1	ITALIAN	M	fiocca_r	fiocca_r
1993	8224240	5	Romano, M	0000-0002-3271-349X	ROMANO|Marco	6672715_4	ITALIAN	M	romano_m	romano_m
1993	8412094	3	Sneyd, J	0000-0001-7305-2862	Sneyd|James	8412094_3	ENGLISH	M	sneyd_j	sneyd_j
1993	8458390	1	Pérez-Vizcaíno, F	0000-0001-6309-7418	Perez-Vizcaino|Francisco	1797332_1	HISPANIC	M	perezvizcaino_f	perezvizcaino_f
1993	8458390	3	Delpón, E	0000-0003-4499-8645	Delpon|Eva	2465442_2	HISPANIC	F	delpon_e	delpon_e
1993	8458390	4	Duarte, J	0000-0002-9153-5857	Duarte|Juan	2387369_1	HISPANIC	M	duarte_j	duarte_j
1993	8468271	1	Henry-Amar, M	0000-0002-9357-6476	Henry-Amar|Michel	4744607_5	FRENCH	M	henryamar_m	henryamar_m
1993	8428777	1	Mukherjee, D P	0000-0002-5131-3694	Mukherjee|Debabrata	19485932_5	INDIAN	M	mukherjee_dp	mukherjee_d
1993	11607369	1	Romero, L C	0000-0002-2414-4813	Romero|Luis C.	3140896_1	HISPANIC	M	romero_lc	romero_l
1993	8365722	1	Phipps, M E	0000-0001-8314-068X	Phipps|Maude	8364570_2	HISPANIC-FRENCH	F	phipps_me	phipps_m
1993	8430549	1	Coley, B D	0000-0003-0354-4727	Coley|Brian	2279907_1	ENGLISH	M	coley_bd	coley_b
1993	12159227	1	Shedlin, M G	0000-0003-2112-7601	Shedlin|Michele	538794_1	ENGLISH-GERMAN	F	shedlin_mg	shedlin_m
1993	8222824	1	van der Heijden, E H	0000-0003-3596-518X	van der Heijden|Erik	8222824_1	DUTCH	-	vanderheijden_eh	vanderheijden_e
1993	7687124	1	Hardy, J F	0000-0002-8254-3011	Hardy|Jean-Francois	6603255_1	FRENCH	M	hardy_jf	hardy_j
1993	8219005	2	Gresele, P	0000-0001-5365-8445	Gresele|Paolo	6267573_2	ITALIAN	M	gresele_p	gresele_p
1993	8219005	4	Porcellati, S	0000-0003-3410-5452	PORCELLATI|Serena	7117511_3	ITALIAN	F	porcellati_s	porcellati_s
1993	8317436	1	Shore, R E	0000-0002-6842-2248	Shore|Roy	4831145_2	ENGLISH	M	shore_re	shore_r
1993	8339906	2	Ferrer, S	0000-0001-8887-9002	Ferrer|Sergi	2759709_2	HISPANIC	M	ferrer_s	ferrer_s
1993	8055796	6	Słowińska-Klencka, D	0000-0002-5617-0418	Słowińska-Klencka|Dorota	7508741_1	SLAV	F	slowinskaklencka_d	slowinskaklencka_d
1993	8244033	2	Brown, M H	0000-0001-6461-7550	Brown|Melissa	8244033_2	ENGLISH	F	brown_mh	brown_m
1993	8244033	3	Hancock, R E	0000-0001-5989-8503	Hancock|Robert	4604263_2	ENGLISH	M	hancock_re	hancock_r
1993	8326850	4	Lockyer, J	0000-0002-3928-4827	Lockyer|Jocelyn	7288860_2	ENGLISH	F	lockyer_j	lockyer_j
1993	8380166	4	Dang, C V	0000-0002-4031-2522	Dang|Chi	637862_1	CHINESE	M	dang_cv	dang_c
1993	8281189	2	Harrison, M J	0000-0001-8716-1875	Harrison|Maria J	2239449_2	ENGLISH	F	harrison_mj	harrison_m
1993	8392605	3	Tamai, K	0000-0003-4094-3911	Tamai|Katsuyuki	4059051_2	JAPANESE	M	tamai_k	tamai_k
1993	8218104	1	Amouyel, P	0000-0001-9088-234X	Amouyel|Philippe	3495222_8	FRENCH	M	amouyel_p	amouyel_p
1993	8416548	4	Sobaszek, A	0000-0003-3975-1189	Sobaszek|Annie	8416548_4	FRENCH	F	sobaszek_a	sobaszek_a
1993	8330605	1	van Dieën, J H	0000-0002-7719-5585	van Dieen|Jaap	1761011_1	DUTCH	M	vandieen_jh	vandieen_j
1993	8509797	2	Skogh, T	0000-0002-0153-9249	Skogh|Thomas	7032171_2	NORDIC	M	skogh_t	skogh_t
1993	8509797	6	Lycke, J	0000-0002-7891-8466	Lycke|Jan	2843151_5	NORDIC	M	lycke_j	lycke_j
1993	8510164	1	Furia, M	0000-0002-9603-7689	FURIA|Maria	4803110_1	ITALIAN-HISPANIC	F	furia_m	furia_m
1993	8510164	3	Crispi, S	0000-0002-7566-1554	Crispi|Stefania	1572533_4	ITALIAN	F	crispi_s	crispi_s
1993	8122238	1	Kienzle, E	0000-0002-1255-8971	Kienzle|Ellen	7355566_4	GERMAN-ENGLISH	F	kienzle_e	kienzle_e
1993	8288022	4	Yaropolov, A I	0000-0001-9210-5640	Yaropolov|Alexander	1001447_1	SLAV	M	yaropolov_ai	yaropolov_a
1993	8358536	2	Stone, T W	0000-0002-5532-0031	Stone|Trevor	4331442_1	ENGLISH	M	stone_tw	stone_t
1993	8124062	2	Laude, D	0000-0003-3097-9849	LAUDE|Dominique	6182009_2	FRENCH	-	laude_d	laude_d
1993	8285562	3	Gachard, N	0000-0003-1515-4830	Gachard|Nathalie	8285562_3	FRENCH	F	gachard_n	gachard_n
1993	7693757	3	Eaton, D C	0000-0002-2686-6692	Eaton|Douglas	4640974_2	ENGLISH	M	eaton_dc	eaton_d
1993	8415649	9	Sussman, J L	0000-0003-0306-3878	Sussman|Joel	5287004_2	ENGLISH	M	sussman_jl	sussman_j
1993	7693387	5	Role, L W	0000-0001-5851-212X	Role|Lorna	7329096_1	ENGLISH	F	role_lw	role_l
1993	8262249	1	Cacchione, S	0000-0002-7278-3695	Cacchione|Stefano	3741874_1	ITALIAN	M	cacchione_s	cacchione_s
1993	8464200	2	Auffarth, G	0000-0002-6927-5251	Auffarth|Gerd	3352189_2	GERMAN	M	auffarth_g	auffarth_g
1993	8418104	2	Challacombe, S J	0000-0002-7327-6927	challacombe|stephen	4403022_1	ENGLISH	M	challacombe_sj	challacombe_s
1993	8223787	3	Sieg, A	0000-0003-1087-9883	Sieg|Andreas	7056852_1	GERMAN	M	sieg_a	sieg_a
1993	8394018	4	Weijer, C J	0000-0003-2192-8150	Weijer|Cornelis	4346020_1	DUTCH	M	weijer_cj	weijer_c
1993	8330538	1	Shishido, E	0000-0002-2474-1343	Shishido|Emiko	3853606_1	JAPANESE	F	shishido_e	shishido_e
1993	8330538	2	Higashijima, S	0000-0001-6350-4992	Higashijima|Shin-ichi	1674606_3	JAPANESE	M	higashijima_s	higashijima_s
1993	7691180	4	Hoek, J B	0000-0001-7127-4218	Hoek|Jan	5782247_1	DUTCH	M	hoek_jb	hoek_j
1993	7691180	5	Iozzo, R V	0000-0002-5908-5112	Iozzo|Renato	696209_2	ITALIAN	M	iozzo_rv	iozzo_r
1993	8407267	6	Ientile, R	0000-0003-2067-0418	Ientile|Riccardo	451334_2	ITALIAN	M	ientile_r	ientile_r
1993	8310796	3	Eibl, R H	0000-0002-6687-5286	Eibl|Robert	1933879_2	GERMAN	M	eibl_rh	eibl_r
1993	8310796	5	Kenner, L	0000-0003-2184-1338	Kenner|Lukas	6505845_3	GERMAN	M	kenner_l	kenner_l
1993	7685406	2	Failla, C	0000-0001-5991-8914	Failla|Cristina	7685406_2	HISPANIC	F	failla_c	failla_c
1993	7685406	4	De Francesco, R	0000-0001-8754-5123	De Francesco|Raffaele	2822103_1	ITALIAN	M	defrancesco_r	defrancesco_r
1993	8227435	4	Lionetti, P	0000-0001-8029-3904	Lionetti|Paolo	3487050_2	ITALIAN	M	lionetti_p	lionetti_p
1993	8293736	1	Castillo, J	0000-0002-6685-3001	Castillo|Jose	4438705_2	HISPANIC	M	castillo_j	castillo_j
1993	8293736	2	Pumar, J M	0000-0002-6546-3992	Pumar|José Manuel	2234400_1	HISPANIC	M	pumar_jm	pumar_j
1993	8462981	1	Flint, J	0000-0002-9427-4429	Flint|Jonathan	60179_1	ENGLISH	M	flint_j	flint_j
1993	8100625	2	Robin, A L	0000-0003-1959-8770	Robin|Alan	333919_1	FRENCH-ENGLISH	M	robin_al	robin_a
1993	8478686	1	Rekling, J C	0000-0002-8568-2332	Rekling|Jens C.	2605496_1	NORDIC	M	rekling_jc	rekling_j
1993	8222875	1	Torra, R	0000-0001-8714-2332	Torra|Roser	1678956_4	HISPANIC	F	torra_r	torra_r
1993	8228788	1	Buggy, D	0000-0003-3922-4397	Buggy|Donal	8228788_1	ENGLISH	-	buggy_d	buggy_d
1993	8095714	2	Suaud-Chagny, M F	0000-0002-2587-0681	Suaud-Chagny|Marie-Françoise	3091764_1	FRENCH	F	suaudchagny_mf	suaudchagny_m
1993	8103655	4	Pavord, I D	0000-0002-4288-5973	Pavord|Ian	1978872_2	ENGLISH	M	pavord_id	pavord_i
1993	8471229	2	Bianchi, S	0000-0003-3981-6325	Bianchi|Stefano	2845026_8	ITALIAN	M	bianchi_s	bianchi_s
1993	10150987	1	White, C J	0000-0001-8618-7539	White|Christopher	3966318_2	ENGLISH	M	white_cj	white_c
1993	8408322	2	Mengual, E	0000-0002-0493-5167	Mengual|Elisa	1284506_2	HISPANIC	F	mengual_e	mengual_e
1993	8209060	1	Conway, J H	0000-0001-6464-1526	Conway|Joy	8099639_3	ENGLISH	-	conway_jh	conway_j
1993	8326267	2	Parker, L	0000-0002-5188-8113	PARKER|LOUISE	1829906_1	ENGLISH	F	parker_l	parker_l
1993	8326267	4	Charlton, M	0000-0002-0622-393X	Charlton|Martin	7427420_2	ENGLISH	M	charlton_m	charlton_m
1993	8468928	7	King, C H	0000-0001-8349-9270	King|Charles	6639005_1	ENGLISH	M	king_ch	king_c
1993	8343209	2	Pallavicini, M	0000-0003-3344-484X	Pallavicini|Marco	3749244_3	ITALIAN	M	pallavicini_m	pallavicini_m
1993	8343209	4	Valoti, E	0000-0002-5608-3875	Valoti|Ermanno	3749244_6	ITALIAN	M	valoti_e	valoti_e
1993	8439511	1	Clarke, R B	0000-0001-5407-3123	Clarke|Robert	1625055_7	ENGLISH	M	clarke_rb	clarke_r
1993	8439511	4	Howell, A	0000-0002-6233-719X	Howell|Anthony	4634773_1	ENGLISH	M	howell_a	howell_a
1993	8386252	3	Nagy, J I	0000-0003-2753-091X	Nagy|James Imre	24494_2	HUNGARIAN-ENGLISH	M	nagy_ji	nagy_j
1993	8132050	1	Davidson, C	0000-0002-8180-7943	Davidson|Colin	8132050_1	ENGLISH	M	davidson_c	davidson_c
1993	8278455	2	Berridge, K C	0000-0002-6031-2626	Berridge|Kent	7019275_1	ENGLISH	M	berridge_kc	berridge_k
1993	8393783	1	Poon, R Y	0000-0001-5571-6231	Poon|Randy	2946767_1	ENGLISH-CHINESE	M	poon_ry	poon_r
1993	7687240	1	Tappy, L	0000-0001-8469-4692	Tappy|Luc	6538346_1	FRENCH	M	tappy_l	tappy_l
1993	8482063	7	Cattelani, L	0000-0003-2129-6608	Cattelani|Leonardo	2469990_4	ITALIAN	M	cattelani_l	cattelani_l
1993	8231895	5	Fekete, D M	0000-0003-0662-0246	Fekete|Donna	6164444_3	HUNGARIAN-ENGLISH	F	fekete_dm	fekete_d
1993	7902437	2	Poncer, J C	0000-0001-5729-3009	Poncer|Jean Christophe	7902437_2	FRENCH	M	poncer_jc	poncer_j
1993	8486206	1	Bottari, S P	0000-0002-4172-2400	Bottari|Serge P.	220245_2	ITALIAN-FRENCH	M	bottari_sp	bottari_s
1993	8486206	2	de Gasparo, M	0000-0002-1005-7866	de Gasparo|Marc	4293958_4	FRENCH	M	degasparo_m	degasparo_m
1993	8486206	3	Steckelings, U M	0000-0002-5430-4275	Steckelings|Ulrike Muscha	1382168_1	GERMAN	F	steckelings_um	steckelings_u
1993	8418716	1	Siegel, L C	0000-0002-8456-7551	Siegel|Lawrence	428081_6	ENGLISH	M	siegel_lc	siegel_l
1993	8165743	6	Kharazova, A D	0000-0001-9149-9633	Kharazova|Alexandra	5090578_1	SLAV	F	kharazova_ad	kharazova_a
1993	8370670	1	Bukhtiyarov, Y E	0000-0003-3370-5413	Bukhtiyarov|Yuri	8370670_1	SLAV	M	bukhtiyarov_ye	bukhtiyarov_y
1993	8442797	5	De Wolf, D	0000-0002-0846-8914	De Wolf|Daniel	13800045_2	DUTCH	M	dewolf_d	dewolf_d
1993	8360737	3	Nimsky, C	0000-0002-8216-9410	Nimsky|Christopher	8360737_3	GERMAN	M	nimsky_c	nimsky_c
1993	7503943	6	Deckmyn, H	0000-0003-3952-5501	Deckmyn|Hans	92949_1	FRENCH	M	deckmyn_h	deckmyn_h
1993	8346076	2	Zhang, L	0000-0002-3067-305X	Zhang|Lei	7685517_2	CHINESE	-	zhang_l	zhang_l
1993	8340512	3	Janniger, C K	0000-0002-6873-2465	Janniger|Camila	2868642_2	HISPANIC-GERMAN	F	janniger_ck	janniger_c
1993	8460397	2	Hafezparast, M	0000-0002-5262-7150	Hafezparast|Majid	1631138_2	ARAB	M	hafezparast_m	hafezparast_m
1993	8458100	1	Bowden, S J	0000-0001-7506-1340	Bowden|Sarah	1370959_2	ENGLISH	F	bowden_sj	bowden_s
1993	8428707	2	Lamberg-Allardt, C	0000-0001-7326-1904	Lamberg-Allardt|Christel	6130197_7	NORDIC	F	lambergallardt_c	lambergallardt_c
1993	8145055	1	Doz, F	0000-0001-9286-4831	Doz|François	3497601_3	FRENCH	M	doz_f	doz_f
1993	8155852	1	Jorgensen, R	0000-0002-0382-2371	Jorgensen|Richard	8155852_1	NORDIC	M	jorgensen_r	jorgensen_r
1993	8294829	1	Jerosch-Herold, C	0000-0003-0525-1282	Jerosch-Herold|Christina	8294829_1	GERMAN	F	jeroschherold_c	jeroschherold_c
1993	8135287	1	Qumsiyeh, M B	0000-0003-2002-3026	Qumsiyeh|Mazin	3581920_1	ARAB	M	qumsiyeh_mb	qumsiyeh_m
1993	8449195	4	Baumbach, A	0000-0001-7707-2254	Baumbach|Andreas	2093487_2	GERMAN	M	baumbach_a	baumbach_a
1993	8405842	1	Pontillo, D	0000-0002-3768-654X	Pontillo|Daniele	3692082_2	ITALIAN	M	pontillo_d	pontillo_d
1993	7685467	2	Ohara, O	0000-0002-3328-9571	Ohara|Osamu	5297168_2	JAPANESE	M	ohara_o	ohara_o
1993	8262070	1	Cvrcková, F	0000-0002-5560-8473	Cvrckova|Fatima	3071480_2	SLAV-HISPANIC	F	cvrckova_f	cvrckova_f
1993	8262070	2	Nasmyth, K	0000-0001-7030-4403	Nasmyth|Kim	958201_3	ENGLISH	-	nasmyth_k	nasmyth_k
1993	8214184	2	Dinan, T G	0000-0002-2316-7220	Dinan|Timothy	6147177_1	ENGLISH	M	dinan_tg	dinan_t
1993	7678729	5	Igarashi, K	0000-0003-3751-3187	Igarashi|Kazuei	14044138_2	JAPANESE	-	igarashi_k	igarashi_k
1993	8231770	2	Crandall, C G	0000-0001-7792-9713	Crandall|Craig	1406200_4	ENGLISH	M	crandall_cg	crandall_c
1993	8323947	5	Welti, R	0000-0003-4373-2538	Welti|Ruth	7251608_1	GERMAN	F	welti_r	welti_r
1993	8477340	1	Martínez-García, F	0000-0003-3181-4579	Martinez-Garcia|Fernando	3999803_2	HISPANIC	M	martinezgarcia_f	martinezgarcia_f
1993	8477340	2	Olucha, F E	0000-0003-0342-993X	Olucha-Bordonau|Francisco E	3999803_1	HISPANIC	M	olucha_fe	olucha_f
1993	8477340	3	Teruel, V	0000-0001-5386-4118	Teruel Martí|Vicent	2314628_1	HISPANIC	M	teruel_v	teruel_v
1993	8327691	3	Paraf, F	0000-0002-3930-2618	Paraf|François	3116902_1	FRENCH	M	paraf_f	paraf_f
1993	8313721	2	Figdor, C G	0000-0002-2366-9212	Figdor|Carl	7252163_1	DUTCH-ENGLISH	M	figdor_cg	figdor_c
1993	8460158	5	Petit, C	0000-0002-9069-002X	Petit|Christine	3458217_1	FRENCH	F	petit_c	petit_c
1993	7686186	3	Bandecchi, P	0000-0002-8760-4813	Bandecchi|Patrizia	6291468_2	ITALIAN	F	bandecchi_p	bandecchi_p
1993	8263812	1	Kovacic, H	0000-0001-6509-4210	Kovacic|Hervé	732504_2	FRENCH-SLAV	M	kovacic_h	kovacic_h
1993	8479284	1	Zoli, M	0000-0002-8034-2849	Zoli|Michele	6128444_3	ITALIAN	M	zoli_m	zoli_m
1993	8479284	2	Ferraguti, F	0000-0002-3843-5857	Ferraguti|Francesco	3022556_6	ITALIAN	M	ferraguti_f	ferraguti_f
1993	8479284	4	Bettuzzi, S	0000-0003-2080-6979	Bettuzzi|Saverio	2920020_1	ITALIAN	M	bettuzzi_s	bettuzzi_s
1993	8143955	5	Bedossa, P	0000-0002-8487-7322	Bedossa|Pierre	3001688_1	FRENCH	M	bedossa_p	bedossa_p
1993	8345492	3	Vilar, J	0000-0002-9136-7726	Vilar|Jose	1953249_4	HISPANIC	M	vilar_j	vilar_j
1993	8476867	2	Pérez-Gil, J	0000-0003-3587-7147	Perez-Gil|Jesus	6493213_3	HISPANIC	M	perezgil_j	perezgil_j
1993	8334298	2	Griffith, C M	0000-0003-1222-6720	Griffith|May	18620173_1	ENGLISH	-	griffith_cm	griffith_c
1993	8405862	3	Jennings, G	0000-0002-7865-5483	Jennings|Garry	927282_2	ENGLISH	M	jennings_g	jennings_g
1993	8410976	1	Jacobson, K A	0000-0001-8104-1493	Jacobson|Kenneth	5057929_2	ENGLISH	M	jacobson_ka	jacobson_k
1993	8410976	7	Neumeyer, J L	0000-0003-2287-9864	Neumeyer|John	14056410_1	GERMAN-NORDIC	M	neumeyer_jl	neumeyer_j
1993	8462380	1	Sekikawa, A	0000-0002-7197-6321	Sekikawa|Akira	2685486_4	JAPANESE	-	sekikawa_a	sekikawa_a
1993	7503981	4	Conaway, J W	0000-0002-2786-0663	Conaway|Joan	3597375_1	ENGLISH	F	conaway_jw	conaway_j
1993	8159576	5	Raposio, E	0000-0001-7200-0243	Raposio|Edoardo	8159576_5	ITALIAN	M	raposio_e	raposio_e
1993	8235623	7	Okita, T W	0000-0002-2246-0599	Okita|Tom	4342726_2	JAPANESE-GERMAN	M	okita_tw	okita_t
1993	8244423	1	Henneberg, K A	0000-0001-9418-6587	Henneberg|Kaj-Åge	8244423_1	NORDIC	-	henneberg_ka	henneberg_k
1993	8241213	1	Steinberger, J	0000-0002-2892-8594	Steinberger|Julia	3096136_2	GERMAN	F	steinberger_j	steinberger_j
1993	8266100	2	Séraphin, B	0000-0002-5168-1921	Séraphin|Bertrand	2836092_1	FRENCH	M	seraphin_b	seraphin_b
1993	8388370	4	Ebstein, R	0000-0002-3626-541X	Ebstein|Richard	8388370_4	ISRAELI	-	ebstein_r	ebstein_r
1993	8130170	6	Gabius, H J	0000-0003-3467-3900	Gabius|Hans-Joachim	6754571_1	GERMAN	M	gabius_hj	gabius_h
1993	8426524	2	Pickering, J W	0000-0001-9475-0344	Pickering|John William	57779_3	ENGLISH	M	pickering_jw	pickering_j
1993	8398859	3	Sundblad, B M	0000-0002-9939-418X	Sundblad|Britt-Marie	8398859_3	NORDIC	F	sundblad_bm	sundblad_b
1993	7679106	4	Birnbaum, M J	0000-0001-9972-8680	Birnbaum|Morris	183509_1	ENGLISH-ISRAELI	M	birnbaum_mj	birnbaum_m
1993	8369893	1	Morand, E F	0000-0002-9507-3338	Morand|Eric	2329948_1	FRENCH	M	morand_ef	morand_e
1993	8229492	3	Keszler, M	0000-0002-9964-664X	Keszler|Martin	7094598_1	GERMAN	M	keszler_m	keszler_m
1993	8216220	1	Oñaderra, M	0000-0003-2564-5609	Oñaderra|Mercedes	708448_4	HISPANIC	F	onaderra_m	onaderra_m
1993	8216220	4	Lacadena, J	0000-0002-7314-0333	Lacadena|Javier	8216220_4	HISPANIC	M	lacadena_j	lacadena_j
1993	8216220	6	Martínez del Pozo, A	0000-0003-0043-5939	Martinez-del-Pozo|Alvaro	6765421_1	HISPANIC	M	martinezdelpozo_a	martinezdelpozo_a
1993	8216220	7	Gavilanes, J G	0000-0002-6852-341X	Gavilanes|Jose G.	4368437_2	HISPANIC	M	gavilanes_jg	gavilanes_j
1993	8409417	1	Jacobsen, S E	0000-0002-1362-3659	Jacobsen|Sten Eirik Waelgaard	1649034_4	NORDIC	M	jacobsen_se	jacobsen_s
1993	8383426	5	Hau, J S	0000-0001-8586-5705	Hau|Jann	1388168_2	CHINESE-GERMAN	-	hau_js	hau_j
1993	8484626	2	Pack, A I	0000-0002-2879-0484	Pack|Allan	5705809_2	ENGLISH	M	pack_ai	pack_a
1993	8227324	5	Froguel, P	0000-0003-2972-0784	Froguel|Philippe	3123287_1	FRENCH	M	froguel_p	froguel_p
1993	8341066	1	Stellin, G	0000-0002-1903-2542	STELLIN|GIOVANNI	7453234_2	ITALIAN	M	stellin_g	stellin_g
1993	8341066	6	Milanesi, O	0000-0002-6875-9297	Milanesi|Ornella	562810_4	ITALIAN	F	milanesi_o	milanesi_o
1993	8263173	1	Hampson, D J	0000-0002-7729-0427	Hampson|David	6375529_4	ENGLISH	M	hampson_dj	hampson_d
1993	8226768	2	Alvarez-Gonzalez, R	0000-0003-1038-7512	Alvarez-Gonzalez|Rafael	6322613_1	HISPANIC	M	alvarezgonzalez_r	alvarezgonzalez_r
1993	8148873	2	Woosley, R L	0000-0002-2588-328X	Woosley|Raymond L.	6017767_1	ENGLISH	M	woosley_rl	woosley_r
1993	8148873	3	Swain, S M	0000-0002-1320-3830	Swain|Sandra	3013348_6	ENGLISH	F	swain_sm	swain_s
1993	8226598	2	Anand, A C	0000-0001-7105-1540	Anand|Anil	6686225_1	INDIAN	M	anand_ac	anand_a
1993	8448896	1	Wilson, J A	0000-0002-6416-5870	wilson|janet	2420986_1	ENGLISH	F	wilson_ja	wilson_j
1993	7693553	1	González, R A	0000-0001-9689-8529	Gonzalez|Ramón A.	7693553_1	HISPANIC	M	gonzalez_ra	gonzalez_r
1993	7693553	2	Sánchez, J	0000-0003-2329-6177	Sánchez|Joaquín	6393126_2	HISPANIC	M	sanchez_j	sanchez_j
1993	7693553	4	López, S	0000-0001-6336-9209	Lopez|Susana	6247284_3	HISPANIC	F	lopez_s	lopez_s
1993	8389695	3	Davidson, I	0000-0001-5533-1171	Davidson|Irwin	3004974_5	ENGLISH	M	davidson_i	davidson_i
1993	7691899	1	Finger, T E	0000-0001-5923-5099	Finger|Thomas	4448859_2	GERMAN	M	finger_te	finger_t
1993	8239763	1	Winyard, P G	0000-0002-9613-1202	Winyard|Paul	6549384_1	ENGLISH	M	winyard_pg	winyard_p
1993	15374323	3	Recchioni, R	0000-0002-7596-3077	Recchioni|Rina	2543403_2	ITALIAN-ISRAELI	F	recchioni_r	recchioni_r
1993	8386285	1	Yanovski, J A	0000-0001-8542-1637	Yanovski|Jack	3493016_1	ENGLISH	M	yanovski_ja	yanovski_j
1993	8451334	3	Vázquez, C	0000-0003-1796-2161	Vazquez|Carmelo	8451334_3	HISPANIC	M	vazquez_c	vazquez_c
1993	8381502	2	Abou-Samra, A B	0000-0001-8735-1142	Abou-Samra|Abdul	6647721_3	ARAB	M	abousamra_ab	abousamra_a
1993	8035585	1	Hume, P A	0000-0003-1847-8128	Hume|Patria	1943629_3	ENGLISH	F	hume_pa	hume_p
1993	8035585	3	Robinson, D M	0000-0002-2754-0045	Robinson|Dean	1943629_1	ENGLISH	-	robinson_dm	robinson_d
1993	8263842	2	Popov, V V	0000-0002-7542-9093	Popov|Vladimir	14822839_1	SLAV	M	popov_vv	popov_v
1993	8058390	1	Gushchin, I S	0000-0002-4465-6509	Gushchin (Guschin)|I.S.	14134766_1	SLAV	-	gushchin_is	gushchin_i
1993	8229683	2	Roberts, M S	0000-0003-3894-5301	Roberts|Michael	1161023_1	ENGLISH	M	roberts_ms	roberts_m
1993	8220658	1	Płaźnik, A	0000-0002-4263-9836	Plaznik|Adam	747114_2	SLAV	M	plaznik_a	plaznik_a
1993	7763922	1	Gálvez, A	0000-0002-5894-5029	Galvez|Antonio	3938512_1	HISPANIC	M	galvez_a	galvez_a
1993	7763922	3	Martínez-Bueno, M	0000-0002-1488-5642	Martínez Bueno|Manuel	3379534_3	HISPANIC	M	martinezbueno_m	martinezbueno_m
1993	8310123	2	Moiseenko, V V	0000-0002-8394-743X	Moiseenko|Vitali	1213087_1	SLAV	-	moiseenko_vv	moiseenko_v
1993	8310123	3	Filimonov, A S	0000-0002-4398-1764	Filimonov|A.S.	2616753_2	SLAV	-	filimonov_as	filimonov_a
1993	8483310	2	Tsao, H W	0000-0002-3414-0277	TSAO|HEN-WAI	1800848_4	CHINESE	-	tsao_hw	tsao_h
1993	8483310	4	Yen, C T	0000-0002-0076-4487	Yen|Chen-Tung	6197137_1	CHINESE	-	yen_ct	yen_c
1993	7902333	3	Hallett, M B	0000-0001-8197-834X	Hallett|Maurice	53079_2	ENGLISH	M	hallett_mb	hallett_m
1993	7689769	1	Braddick, O	0000-0002-7540-171X	Braddick|Oliver	5422607_2	ENGLISH	M	braddick_o	braddick_o
1993	8270644	1	Malchiodi-Albedi, F	0000-0001-7202-0391	Malchiodi-Albedi|Fiorella	7076140_2	ITALIAN	F	malchiodialbedi_f	malchiodialbedi_f
1993	7508110	2	Montalto, G	0000-0002-8731-8577	MONTALTO|Giuseppe	7450358_6	ITALIAN	M	montalto_g	montalto_g
1993	8330015	1	Esteve, M	0000-0003-2128-7859	Esteve|Montserrat	413762_2	HISPANIC	F	esteve_m	esteve_m
1993	8330015	3	Fernández-López, J A	0000-0002-2856-7223	Fernández-López|José-Antonio	3142294_2	HISPANIC	M	fernandezlopez_ja	fernandezlopez_j
1993	8330015	4	Remesar, X	0000-0002-9707-7287	Remesar|Xavier	725235_3	HISPANIC	M	remesar_x	remesar_x
1993	8330015	5	Alemany, M	0000-0002-9783-8293	Alemany|Marià	4773343_6	HISPANIC	F	alemany_m	alemany_m
1993	8401210	1	LaBean, T H	0000-0002-6739-2059	LaBean|Thomas	8401210_1	ENGLISH	M	labean_th	labean_t
1993	8340065	2	Jiménez, W	0000-0002-9376-0214	Jiménez|Wladimiro	6264552_2	HISPANIC	M	jimenez_w	jimenez_w
1993	8340065	3	Clària, J	0000-0003-4333-7749	Claria|Joan	2530268_6	HISPANIC	M	claria_j	claria_j
1993	8340065	7	Arroyo, V	0000-0002-2728-1848	Arroyo|Vicente	5157921_3	HISPANIC	M	arroyo_v	arroyo_v
1993	8232763	1	Alvarez, C V	0000-0003-1500-4058	Alvarez|Clara V	1980937_3	HISPANIC	F	alvarez_cv	alvarez_c
1993	8232763	2	Zalvide, J B	0000-0001-7645-156X	Zalvide|Juan	1569109_1	HISPANIC	M	zalvide_jb	zalvide_j
1993	8232763	5	Regueiro, B J	0000-0002-4009-7922	Regueiro|Benito	6972308_5	HISPANIC	M	regueiro_bj	regueiro_b
1993	8228980	1	Miralles, A	0000-0001-5762-3581	Miralles|Antonio	2572386_1	HISPANIC	M	miralles_a	miralles_a
1993	8372590	1	Valdivieso, A	0000-0002-2614-3670	Valdivieso|Andrés	4755001_2	HISPANIC	M	valdivieso_a	valdivieso_a
1993	8416067	1	Woldorff, M G	0000-0002-2683-4551	Woldorff|Marty	3438427_2	GERMAN-DUTCH	M	woldorff_mg	woldorff_m
1993	8266718	3	Zimmer, G	0000-0002-2708-2507	Zimmer|Gert	8266718_3	GERMAN	M	zimmer_g	zimmer_g
1993	8517019	1	Von Arnim, A	0000-0003-3472-3357	von Arnim|Albrecht	1546454_1	GERMAN	M	vonarnim_a	vonarnim_a
1993	8104219	2	Balboa, M A	0000-0002-2130-5298	Balboa|María A.	3265657_2	HISPANIC	F	balboa_ma	balboa_m
1993	8104219	3	Rodríguez, A	0000-0003-2455-6583	Rodriguez Marquez|Antonio Andres	8104219_3	HISPANIC	M	rodriguez_a	rodriguez_a
1993	8104219	5	Alonso, M	0000-0002-7001-8826	Alonso|Miguel	2849551_5	HISPANIC	-	alonso_m	alonso_m
1993	8104219	7	López-Botet, M	0000-0003-4882-065X	López-Botet|Miguel	6168686_2	HISPANIC	M	lopezbotet_m	lopezbotet_m
1993	8392466	2	Maronde, E	0000-0002-5574-6323	Maronde|Erik	1314695_4	NORDIC	M	maronde_e	maronde_e
1993	8365516	2	Bourne, T	0000-0003-1421-6059	Bourne|Tom	2513965_1	ENGLISH	M	bourne_t	bourne_t
1993	7690506	8	Jeddi-Tehrani, M	0000-0002-8831-4711	Jeddi-Tehrani|Mahmood	3498981_2	ARAB	M	jedditehrani_m	jedditehrani_m
1993	8154338	1	Ofosu, F A	0000-0002-4955-7876	Ofosu|Frederick	4251966_1	AFRICAN	M	ofosu_fa	ofosu_f
1993	8144488	1	Postle, K	0000-0001-9451-777X	Postle|Kathleen	363691_1	ENGLISH	F	postle_k	postle_k
1993	8219234	4	Gallinella, G	0000-0003-1118-6341	Gallinella|Giorgio	2547825_5	ITALIAN	M	gallinella_g	gallinella_g
1993	8219234	10	Pasquinelli, G	0000-0003-1506-1829	Pasquinelli|Gianandrea	2416037_1	ITALIAN	M	pasquinelli_g	pasquinelli_g
1993	8318396	1	Faggioli, G L	0000-0002-0768-245X	FAGGIOLI|GIANLUCA	5098311_2	ITALIAN	M	faggioli_gl	faggioli_g
1993	8105673	1	Heller, R F	0000-0003-3161-5967	Heller|Richard	1009279_1	ENGLISH-GERMAN	M	heller_rf	heller_r
1993	8059099	4	Morant, A	0000-0002-5868-9811	Morant|Antonio	2268462_4	HISPANIC	M	morant_a	morant_a
1993	8094711	1	Yang, X	0000-0002-8831-7488	Yang|Xi	7678032_2	CHINESE	-	yang_x	yang_x
1993	8094711	2	Hayglass, K T	0000-0002-4621-7737	HayGlass|Kent	6187695_1	ENGLISH	M	hayglass_kt	hayglass_k
1993	8389995	2	Castro, M G	0000-0003-2237-2756	Castro|Maria Graciela	2555272_2	HISPANIC	F	castro_mg	castro_m
1993	8131053	3	Steward, O	0000-0001-7069-8756	Steward|Oswald	4122685_1	ENGLISH	M	steward_o	steward_o
1993	8102239	3	Heeney, J	0000-0003-2702-1621	Heeney|Jonathan	6880011_1	ENGLISH	M	heeney_j	heeney_j
1993	8318112	1	Jankowski, J	0000-0003-2130-9181	Jankowski|Janusz	1702451_4	SLAV	M	jankowski_j	jankowski_j
1993	8483425	1	Castelo-Branco, C	0000-0002-9860-8318	Castelo-Branco|Camil	2325483_1	HISPANIC	-	castelobranco_c	castelobranco_c
1993	8268475	1	Takakura, M	0000-0001-5558-7863	Takakura|Minoru	8268475_1	JAPANESE	M	takakura_m	takakura_m
1993	8397583	2	Tyurin, V A	0000-0002-3474-1697	Tyurin|Vladimir	1217287_2	SLAV	M	tyurin_va	tyurin_v
1993	8222385	3	Hayabuchi, Y	0000-0001-6143-2673	Hayabuchi|Yasunobu	2061999_5	JAPANESE	M	hayabuchi_y	hayabuchi_y
1993	8466956	2	Parkinson, J A	0000-0003-4270-6135	Parkinson|John	1283135_3	ENGLISH	M	parkinson_ja	parkinson_j
1993	8466956	5	Nicholson, J K	0000-0002-8123-8349	Nicholson|Jeremy	6108830_1	ENGLISH	M	nicholson_jk	nicholson_j
1993	8326285	5	Bonora, E	0000-0003-1074-5164	BONORA|Enzo	7042433_1	ITALIAN	M	bonora_e	bonora_e
1993	8445792	7	McCown, J W	0000-0002-1876-1647	McCown|James	8445792_7	ENGLISH	M	mccown_jw	mccown_j
1993	8290376	5	Marteau, T	0000-0003-3025-1129	Marteau|Theresa	6701147_1	ENGLISH	F	marteau_t	marteau_t
1993	8290376	6	Dean, J	0000-0003-3841-0841	Dean|John	8150923_3	ENGLISH	M	dean_j	dean_j
1993	8236443	2	Benhar, I	0000-0002-0824-7177	Benhar|Itai	1879701_1	ISRAELI	M	benhar_i	benhar_i
1993	8253949	4	Jackson, B	0000-0001-9458-135X	jackson|brooks	2895517_1	ENGLISH	M	jackson_b	jackson_b
1993	8249326	3	Artigas, J M	0000-0002-7322-4430	Artigas|José M	6165535_1	HISPANIC	M	artigas_jm	artigas_j
1993	8481388	5	Dennis, E A	0000-0003-3738-3140	Dennis|Edward A	5946602_1	ENGLISH	M	dennis_ea	dennis_e
1993	8348247	2	Ferguson, M A	0000-0003-1321-8714	Ferguson|Michael	6795502_2	ENGLISH	M	ferguson_ma	ferguson_m
1993	8478677	2	Wieloch, T	0000-0002-7669-2520	Wieloch|Tadeusz	23316_1	SLAV-NORDIC	M	wieloch_t	wieloch_t
1993	8403514	1	Timón, M	0000-0002-5636-583X	Timón|Marcos	1671848_1	HISPANIC	M	timon_m	timon_m
1993	8403514	3	Ruiz-Contreras, J	0000-0002-2788-7524	RUIZ-CONTRERAS|JESUS	6238563_1	HISPANIC	M	ruizcontreras_j	ruizcontreras_j
1993	8403514	6	Regueiro, J R	0000-0001-8442-7762	Regueiro|Jose	7421907_4	HISPANIC	M	regueiro_jr	regueiro_j
1993	7516674	2	Maggi, P	0000-0002-0482-4969	Maggi|Paolo	13411844_1	ITALIAN	M	maggi_p	maggi_p
1993	7516674	3	Pece, S	0000-0003-1764-3929	Pece |Salvatore	1385209_2	ITALIAN	M	pece_s	pece_s
1993	7901328	4	Henley, J M	0000-0003-3589-8335	Henley|Jeremy	2997595_1	ENGLISH	M	henley_jm	henley_j
1993	7688197	1	Eckenhoff, R G	0000-0002-5581-746X	Eckenhoff|Roderic	6085526_1	ENGLISH	M	eckenhoff_rg	eckenhoff_r
1993	8497191	2	Diallinas, G	0000-0002-3426-726X	Diallinas|George	2670668_1	GREEK	M	diallinas_g	diallinas_g
1993	8367314	1	Ibeas, J I	0000-0002-2394-7075	Ibeas|Jose	8367314_1	HISPANIC	M	ibeas_ji	ibeas_j
1993	8367314	2	Jimenez, J	0000-0002-3851-7393	Jimenez|Juan	16347349_1	HISPANIC	M	jimenez_j	jimenez_j
1993	8405713	8	Annibale, B	0000-0001-9120-5957	annibale|bruno	6112548_3	ITALIAN	M	annibale_b	annibale_b
1993	8299488	2	Flatt, P R	0000-0001-8548-7943	Flatt|Peter	1094087_3	ENGLISH-GERMAN	M	flatt_pr	flatt_p
1993	8467073	3	Kahn, M L	0000-0002-5204-561X	Kahn|Michael	6137474_2	ENGLISH-GERMAN	M	kahn_ml	kahn_m
1993	8506350	4	Rubin, G M	0000-0001-8762-8703	Rubin|Gerald	4575197_1	ENGLISH	M	rubin_gm	rubin_g
1993	8298474	3	Almici, C	0000-0002-9438-2569	Almici|Camillo	13553849_2	ITALIAN	M	almici_c	almici_c
1993	8298474	6	Carlo-Stella, C	0000-0003-3144-0124	Carlo-Stella|Carmelo	6819191_2	ITALIAN	M	carlostella_c	carlostella_c
1993	7512639	2	Giuffrida, R	0000-0001-7494-3675	Giuffrida|Rosario	4968547_2	ITALIAN	M	giuffrida_r	giuffrida_r
1993	8308540	5	Brue, T	0000-0001-8482-6691	Brue|Thierry	3777559_2	FRENCH	M	brue_t	brue_t
1993	8193312	1	Grzelkowska, K	0000-0002-3277-6722	Grzelkowska-Kowalczyk|Katarzyna	1455932_3	SLAV	F	grzelkowska_k	grzelkowska_k
1993	8407106	1	Naik, V M	0000-0003-0022-2191	Naik|Vaman M	19431530_1	INDIAN	M	naik_vm	naik_v
1993	8438342	2	Good, A H	0000-0002-4551-6129	Good|Anne Heather	6025569_1	ENGLISH	F	good_ah	good_a
1993	8366722	1	Lidén, C	0000-0001-9951-5896	Lidén|Carola	6447044_1	NORDIC	F	liden_c	liden_c
1993	8348328	5	Palkovits, M	0000-0003-0578-0387	Palkovits|Miklós	13627504_2	HUNGARIAN	M	palkovits_m	palkovits_m
1993	8434425	2	Ozbek, S S	0000-0002-3351-4150	Ozbek|Suha	1395437_1	TURKISH	F	ozbek_ss	ozbek_s
1993	8434425	4	Adsan, O	0000-0003-2416-8556	Adsan|Oztug	1792704_4	TURKISH	-	adsan_o	adsan_o
1993	8503439	9	Lyonnet, S	0000-0001-5426-9417	Lyonnet|Stanislas	2824512_2	FRENCH	M	lyonnet_s	lyonnet_s
1993	8448904	1	Figuera, L E	0000-0002-6096-4579	Figuera|Luis	1472355_2	HISPANIC	M	figuera_le	figuera_l
1993	8510157	1	Yang, A S	0000-0002-4699-873X	Yang|An-Suei	3026504_1	CHINESE	-	yang_as	yang_a
1993	8386400	2	Cabrera, T	0000-0002-9871-1374	Cabrera|Teresa	6907741_2	HISPANIC	F	cabrera_t	cabrera_t
